--------------------------------------------------------
--  파일이 생성됨 - 수요일-11월-01-2023   
--------------------------------------------------------
--------------------------------------------------------
--  DDL for Sequence BUY_SEQ
--------------------------------------------------------

   CREATE SEQUENCE  "SHOESMARKET"."BUY_SEQ"  MINVALUE 1 MAXVALUE 9999999999999999999999999999 INCREMENT BY 1 START WITH 42 NOCACHE  NOORDER  NOCYCLE ;
--------------------------------------------------------
--  DDL for Sequence CART_SEQ
--------------------------------------------------------

   CREATE SEQUENCE  "SHOESMARKET"."CART_SEQ"  MINVALUE 1 MAXVALUE 9999999999999999999999999999 INCREMENT BY 1 START WITH 32 NOCACHE  NOORDER  NOCYCLE ;
--------------------------------------------------------
--  DDL for Sequence CUSTOMER_SEQ
--------------------------------------------------------

   CREATE SEQUENCE  "SHOESMARKET"."CUSTOMER_SEQ"  MINVALUE 1 MAXVALUE 9999999999999999999999999999 INCREMENT BY 1 START WITH 30 NOCACHE  NOORDER  NOCYCLE ;
--------------------------------------------------------
--  DDL for Sequence INQUIRY_COMMENT_SEQ
--------------------------------------------------------

   CREATE SEQUENCE  "SHOESMARKET"."INQUIRY_COMMENT_SEQ"  MINVALUE 1 MAXVALUE 9999999999999999999999999999 INCREMENT BY 1 START WITH 9 NOCACHE  NOORDER  NOCYCLE ;
--------------------------------------------------------
--  DDL for Sequence INQUIRY_SEQ
--------------------------------------------------------

   CREATE SEQUENCE  "SHOESMARKET"."INQUIRY_SEQ"  MINVALUE 1 MAXVALUE 9999999999999999999999999999 INCREMENT BY 1 START WITH 74 NOCACHE  NOORDER  NOCYCLE ;
--------------------------------------------------------
--  DDL for Sequence ITEM_SEQ
--------------------------------------------------------

   CREATE SEQUENCE  "SHOESMARKET"."ITEM_SEQ"  MINVALUE 1 MAXVALUE 9999999999999999999999999999 INCREMENT BY 1 START WITH 70 NOCACHE  NOORDER  NOCYCLE ;
--------------------------------------------------------
--  DDL for Sequence NOTICE_SEQ
--------------------------------------------------------

   CREATE SEQUENCE  "SHOESMARKET"."NOTICE_SEQ"  MINVALUE 1 MAXVALUE 9999999999999999999999999999 INCREMENT BY 1 START WITH 11 NOCACHE  NOORDER  NOCYCLE ;
--------------------------------------------------------
--  DDL for Sequence ORDERITEMS_SEQ
--------------------------------------------------------

   CREATE SEQUENCE  "SHOESMARKET"."ORDERITEMS_SEQ"  MINVALUE 1 MAXVALUE 9999999999999999999999999999 INCREMENT BY 1 START WITH 48 NOCACHE  NOORDER  NOCYCLE ;
--------------------------------------------------------
--  DDL for Sequence REVIEW_COMMENT_SEQ
--------------------------------------------------------

   CREATE SEQUENCE  "SHOESMARKET"."REVIEW_COMMENT_SEQ"  MINVALUE 1 MAXVALUE 9999999999999999999999999999 INCREMENT BY 1 START WITH 1 NOCACHE  NOORDER  NOCYCLE ;
--------------------------------------------------------
--  DDL for Sequence REVIEW_SEQ
--------------------------------------------------------

   CREATE SEQUENCE  "SHOESMARKET"."REVIEW_SEQ"  MINVALUE 1 MAXVALUE 9999999999999999999999999999 INCREMENT BY 1 START WITH 1 NOCACHE  NOORDER  NOCYCLE ;
--------------------------------------------------------
--  DDL for Table ADMIN
--------------------------------------------------------

  CREATE TABLE "SHOESMARKET"."ADMIN" 
   (	"ADMIN_ID" VARCHAR2(50 BYTE), 
	"ADMIN_PASSWORD" VARCHAR2(50 BYTE), 
	"ADMIN_NUM" NUMBER(10,0) DEFAULT 999999999
   ) SEGMENT CREATION IMMEDIATE 
  PCTFREE 10 PCTUSED 40 INITRANS 1 MAXTRANS 255 NOCOMPRESS LOGGING
  STORAGE(INITIAL 65536 NEXT 1048576 MINEXTENTS 1 MAXEXTENTS 2147483645
  PCTINCREASE 0 FREELISTS 1 FREELIST GROUPS 1 BUFFER_POOL DEFAULT FLASH_CACHE DEFAULT CELL_FLASH_CACHE DEFAULT)
  TABLESPACE "SYSTEM" ;
--------------------------------------------------------
--  DDL for Table BUY
--------------------------------------------------------

  CREATE TABLE "SHOESMARKET"."BUY" 
   (	"BUY_NUM" NUMBER(10,0), 
	"CUS_NUM" NUMBER(10,0), 
	"PAY_STATUS" VARCHAR2(50 BYTE), 
	"BUY_DATE" DATE, 
	"ZIP_CODE" VARCHAR2(50 BYTE), 
	"ADDRESS" VARCHAR2(50 BYTE), 
	"DETAIL_ADDRESS" VARCHAR2(50 BYTE), 
	"PHONE" VARCHAR2(50 BYTE), 
	"DELIVERY_REQUEST" VARCHAR2(100 BYTE), 
	"PAYMENT" VARCHAR2(50 BYTE), 
	"CANCEL_STATUS" VARCHAR2(50 BYTE), 
	"TOTAL_PRICE" NUMBER(10,0)
   ) SEGMENT CREATION IMMEDIATE 
  PCTFREE 10 PCTUSED 40 INITRANS 1 MAXTRANS 255 NOCOMPRESS LOGGING
  STORAGE(INITIAL 65536 NEXT 1048576 MINEXTENTS 1 MAXEXTENTS 2147483645
  PCTINCREASE 0 FREELISTS 1 FREELIST GROUPS 1 BUFFER_POOL DEFAULT FLASH_CACHE DEFAULT CELL_FLASH_CACHE DEFAULT)
  TABLESPACE "SYSTEM" ;
--------------------------------------------------------
--  DDL for Table CART
--------------------------------------------------------

  CREATE TABLE "SHOESMARKET"."CART" 
   (	"CART_NUM" NUMBER(10,0), 
	"ITEM_NUM" NUMBER(10,0), 
	"CUS_NUM" NUMBER(10,0), 
	"CART_QUANTITY" NUMBER, 
	"CART_REGDATE" DATE DEFAULT SYSDATE
   ) SEGMENT CREATION IMMEDIATE 
  PCTFREE 10 PCTUSED 40 INITRANS 1 MAXTRANS 255 NOCOMPRESS LOGGING
  STORAGE(INITIAL 65536 NEXT 1048576 MINEXTENTS 1 MAXEXTENTS 2147483645
  PCTINCREASE 0 FREELISTS 1 FREELIST GROUPS 1 BUFFER_POOL DEFAULT FLASH_CACHE DEFAULT CELL_FLASH_CACHE DEFAULT)
  TABLESPACE "SYSTEM" ;
--------------------------------------------------------
--  DDL for Table CUSTOMER
--------------------------------------------------------

  CREATE TABLE "SHOESMARKET"."CUSTOMER" 
   (	"CUS_NUM" NUMBER(10,0), 
	"CUS_EMAIL" VARCHAR2(50 BYTE), 
	"CUS_PASSWORD" VARCHAR2(50 BYTE), 
	"CUS_NAME" VARCHAR2(50 BYTE), 
	"CUS_NICK_NAME" VARCHAR2(50 BYTE), 
	"CUS_PHONE_NUM" VARCHAR2(20 BYTE), 
	"CUS_REGDATE" DATE DEFAULT SYSDATE, 
	"CUS_MODDATE" DATE, 
	"CUS_ID" VARCHAR2(50 BYTE)
   ) SEGMENT CREATION IMMEDIATE 
  PCTFREE 10 PCTUSED 40 INITRANS 1 MAXTRANS 255 NOCOMPRESS LOGGING
  STORAGE(INITIAL 65536 NEXT 1048576 MINEXTENTS 1 MAXEXTENTS 2147483645
  PCTINCREASE 0 FREELISTS 1 FREELIST GROUPS 1 BUFFER_POOL DEFAULT FLASH_CACHE DEFAULT CELL_FLASH_CACHE DEFAULT)
  TABLESPACE "SYSTEM" ;
--------------------------------------------------------
--  DDL for Table INQUIRY
--------------------------------------------------------

  CREATE TABLE "SHOESMARKET"."INQUIRY" 
   (	"INQUIRY_NUM" NUMBER(10,0), 
	"CUS_NUM" NUMBER(10,0), 
	"SECRET_STATUS" VARCHAR2(3 BYTE), 
	"TITLE" VARCHAR2(100 BYTE), 
	"CONTENTS" VARCHAR2(4000 BYTE), 
	"REG_DATE" DATE DEFAULT SYSDATE, 
	"MOD_DATE" DATE DEFAULT SYSDATE, 
	"ITEM_NUM" NUMBER, 
	"INQ_IMG_PATH" VARCHAR2(100 BYTE), 
	"INQ_IMG_NAME" VARCHAR2(100 BYTE)
   ) SEGMENT CREATION IMMEDIATE 
  PCTFREE 10 PCTUSED 40 INITRANS 1 MAXTRANS 255 NOCOMPRESS LOGGING
  STORAGE(INITIAL 65536 NEXT 1048576 MINEXTENTS 1 MAXEXTENTS 2147483645
  PCTINCREASE 0 FREELISTS 1 FREELIST GROUPS 1 BUFFER_POOL DEFAULT FLASH_CACHE DEFAULT CELL_FLASH_CACHE DEFAULT)
  TABLESPACE "SYSTEM" ;
--------------------------------------------------------
--  DDL for Table INQUIRY_COMMENT
--------------------------------------------------------

  CREATE TABLE "SHOESMARKET"."INQUIRY_COMMENT" 
   (	"IQ_COMMENT_NUM" NUMBER(10,0), 
	"INQUIRY_NUM" NUMBER(10,0), 
	"CONTENTS" VARCHAR2(2000 BYTE), 
	"REG_DATE" DATE DEFAULT SYSDATE, 
	"MOD_DATE" DATE DEFAULT SYSDATE
   ) SEGMENT CREATION IMMEDIATE 
  PCTFREE 10 PCTUSED 40 INITRANS 1 MAXTRANS 255 NOCOMPRESS LOGGING
  STORAGE(INITIAL 65536 NEXT 1048576 MINEXTENTS 1 MAXEXTENTS 2147483645
  PCTINCREASE 0 FREELISTS 1 FREELIST GROUPS 1 BUFFER_POOL DEFAULT FLASH_CACHE DEFAULT CELL_FLASH_CACHE DEFAULT)
  TABLESPACE "SYSTEM" ;
--------------------------------------------------------
--  DDL for Table ITEM
--------------------------------------------------------

  CREATE TABLE "SHOESMARKET"."ITEM" 
   (	"ITEM_NUM" NUMBER(10,0), 
	"NAME" VARCHAR2(100 BYTE), 
	"PRICE" NUMBER(10,0), 
	"STOCK" NUMBER(10,0), 
	"IMAGE_PATH" VARCHAR2(100 BYTE), 
	"ITEM_DETAIL" VARCHAR2(900 BYTE), 
	"REG_DATE" DATE DEFAULT SYSDATE, 
	"MOD_DATE" DATE DEFAULT SYSDATE, 
	"BRAND" VARCHAR2(30 BYTE), 
	"ITEM_STATUS" VARCHAR2(10 BYTE) DEFAULT 'Y'
   ) SEGMENT CREATION IMMEDIATE 
  PCTFREE 10 PCTUSED 40 INITRANS 1 MAXTRANS 255 NOCOMPRESS LOGGING
  STORAGE(INITIAL 65536 NEXT 1048576 MINEXTENTS 1 MAXEXTENTS 2147483645
  PCTINCREASE 0 FREELISTS 1 FREELIST GROUPS 1 BUFFER_POOL DEFAULT FLASH_CACHE DEFAULT CELL_FLASH_CACHE DEFAULT)
  TABLESPACE "SYSTEM" ;
--------------------------------------------------------
--  DDL for Table NOTICE
--------------------------------------------------------

  CREATE TABLE "SHOESMARKET"."NOTICE" 
   (	"NOTICE_NUM" NUMBER(10,0), 
	"ADMIN_NUM" NUMBER(10,0), 
	"NOTICE_TITLE" VARCHAR2(100 BYTE), 
	"CONTENTS" VARCHAR2(4000 BYTE), 
	"REG_DATE" DATE DEFAULT SYSDATE, 
	"MOD_DATE" DATE DEFAULT SYSDATE
   ) SEGMENT CREATION IMMEDIATE 
  PCTFREE 10 PCTUSED 40 INITRANS 1 MAXTRANS 255 NOCOMPRESS LOGGING
  STORAGE(INITIAL 65536 NEXT 1048576 MINEXTENTS 1 MAXEXTENTS 2147483645
  PCTINCREASE 0 FREELISTS 1 FREELIST GROUPS 1 BUFFER_POOL DEFAULT FLASH_CACHE DEFAULT CELL_FLASH_CACHE DEFAULT)
  TABLESPACE "SYSTEM" ;
--------------------------------------------------------
--  DDL for Table ORDERITEMS
--------------------------------------------------------

  CREATE TABLE "SHOESMARKET"."ORDERITEMS" 
   (	"ORDERITEM_NUM" NUMBER(10,0), 
	"ITEM_NUM" NUMBER(10,0), 
	"BUY_NUM" NUMBER(10,0), 
	"QUANTITY" NUMBER(10,0), 
	"PRICE" NUMBER(10,0), 
	"REG_DATE" DATE
   ) SEGMENT CREATION IMMEDIATE 
  PCTFREE 10 PCTUSED 40 INITRANS 1 MAXTRANS 255 NOCOMPRESS LOGGING
  STORAGE(INITIAL 65536 NEXT 1048576 MINEXTENTS 1 MAXEXTENTS 2147483645
  PCTINCREASE 0 FREELISTS 1 FREELIST GROUPS 1 BUFFER_POOL DEFAULT FLASH_CACHE DEFAULT CELL_FLASH_CACHE DEFAULT)
  TABLESPACE "SYSTEM" ;
REM INSERTING into SHOESMARKET.ADMIN
SET DEFINE OFF;
Insert into SHOESMARKET.ADMIN (ADMIN_ID,ADMIN_PASSWORD,ADMIN_NUM) values ('shoesmarket','shoesmarketpw',999999999);
REM INSERTING into SHOESMARKET.BUY
SET DEFINE OFF;
Insert into SHOESMARKET.BUY (BUY_NUM,CUS_NUM,PAY_STATUS,BUY_DATE,ZIP_CODE,ADDRESS,DETAIL_ADDRESS,PHONE,DELIVERY_REQUEST,PAYMENT,CANCEL_STATUS,TOTAL_PRICE) values (11,5,'결제완료',to_date('2023/10/31','YYYY/MM/DD'),'11812','경기도 의정부시','903-1604','01012341234','부탁드립니다.','신용카드','주문완료',54000);
Insert into SHOESMARKET.BUY (BUY_NUM,CUS_NUM,PAY_STATUS,BUY_DATE,ZIP_CODE,ADDRESS,DETAIL_ADDRESS,PHONE,DELIVERY_REQUEST,PAYMENT,CANCEL_STATUS,TOTAL_PRICE) values (8,5,'결제여부',to_date('2023/10/27','YYYY/MM/DD'),'11812','주소','상세주소','핸드폰번호','배송요청사항','결제수단','취소상태',17000);
Insert into SHOESMARKET.BUY (BUY_NUM,CUS_NUM,PAY_STATUS,BUY_DATE,ZIP_CODE,ADDRESS,DETAIL_ADDRESS,PHONE,DELIVERY_REQUEST,PAYMENT,CANCEL_STATUS,TOTAL_PRICE) values (9,5,'결제여부',to_date('2023/10/27','YYYY/MM/DD'),'11812','주소','상세주소','핸드폰번호','배송요청사항','결제수단','취소상태',18000);
Insert into SHOESMARKET.BUY (BUY_NUM,CUS_NUM,PAY_STATUS,BUY_DATE,ZIP_CODE,ADDRESS,DETAIL_ADDRESS,PHONE,DELIVERY_REQUEST,PAYMENT,CANCEL_STATUS,TOTAL_PRICE) values (12,5,'결제완료',to_date('2023/10/31','YYYY/MM/DD'),'11812','경기도 의정부시','dd','01012341234','부탁드립니다.','신용카드','주문완료',109000);
Insert into SHOESMARKET.BUY (BUY_NUM,CUS_NUM,PAY_STATUS,BUY_DATE,ZIP_CODE,ADDRESS,DETAIL_ADDRESS,PHONE,DELIVERY_REQUEST,PAYMENT,CANCEL_STATUS,TOTAL_PRICE) values (14,5,'결제완료',to_date('2023/10/31','YYYY/MM/DD'),'11812','경기도 의정부시','903-1604','01012341234','부탁드립니다.','신용카드','주문완료',54000);
Insert into SHOESMARKET.BUY (BUY_NUM,CUS_NUM,PAY_STATUS,BUY_DATE,ZIP_CODE,ADDRESS,DETAIL_ADDRESS,PHONE,DELIVERY_REQUEST,PAYMENT,CANCEL_STATUS,TOTAL_PRICE) values (16,5,'결제완료',to_date('2023/10/31','YYYY/MM/DD'),'11812','경기도 의정부시','903-1604','01012341234','부탁드립니다.ffff','신용카드','주문완료',54000);
Insert into SHOESMARKET.BUY (BUY_NUM,CUS_NUM,PAY_STATUS,BUY_DATE,ZIP_CODE,ADDRESS,DETAIL_ADDRESS,PHONE,DELIVERY_REQUEST,PAYMENT,CANCEL_STATUS,TOTAL_PRICE) values (18,5,'결제완료',to_date('2023/10/31','YYYY/MM/DD'),'11812','경기도 의정부시','903-1604','01012341234','부탁드립니다.','신용카드','주문완료',54000);
Insert into SHOESMARKET.BUY (BUY_NUM,CUS_NUM,PAY_STATUS,BUY_DATE,ZIP_CODE,ADDRESS,DETAIL_ADDRESS,PHONE,DELIVERY_REQUEST,PAYMENT,CANCEL_STATUS,TOTAL_PRICE) values (19,5,'결제완료',to_date('2023/10/31','YYYY/MM/DD'),'11812','경기도 의정부시','903-1604','01012341234','부탁드립니다.','신용카드','주문완료',54000);
Insert into SHOESMARKET.BUY (BUY_NUM,CUS_NUM,PAY_STATUS,BUY_DATE,ZIP_CODE,ADDRESS,DETAIL_ADDRESS,PHONE,DELIVERY_REQUEST,PAYMENT,CANCEL_STATUS,TOTAL_PRICE) values (20,5,'결제완료',to_date('2023/10/31','YYYY/MM/DD'),'11812','경기도 의정부시','903-1604','01012341234','부탁드립니다.','신용카드','주문완료',162000);
Insert into SHOESMARKET.BUY (BUY_NUM,CUS_NUM,PAY_STATUS,BUY_DATE,ZIP_CODE,ADDRESS,DETAIL_ADDRESS,PHONE,DELIVERY_REQUEST,PAYMENT,CANCEL_STATUS,TOTAL_PRICE) values (21,5,'결제완료',to_date('2023/10/31','YYYY/MM/DD'),'11812','경기도 의정부시','903-1604','01012341234','부탁드립니다.','신용카드','주문완료',162000);
Insert into SHOESMARKET.BUY (BUY_NUM,CUS_NUM,PAY_STATUS,BUY_DATE,ZIP_CODE,ADDRESS,DETAIL_ADDRESS,PHONE,DELIVERY_REQUEST,PAYMENT,CANCEL_STATUS,TOTAL_PRICE) values (22,5,'결제완료',to_date('2023/10/31','YYYY/MM/DD'),'11812','경기도 의정부시','903-1604','01012341234','부탁드립니다.','신용카드','주문완료',162000);
Insert into SHOESMARKET.BUY (BUY_NUM,CUS_NUM,PAY_STATUS,BUY_DATE,ZIP_CODE,ADDRESS,DETAIL_ADDRESS,PHONE,DELIVERY_REQUEST,PAYMENT,CANCEL_STATUS,TOTAL_PRICE) values (23,5,'결제완료',to_date('2023/10/31','YYYY/MM/DD'),'11812','경기도 의정부시','903-1604','01012341234','부탁드립니다.','신용카드','주문완료',149000);
Insert into SHOESMARKET.BUY (BUY_NUM,CUS_NUM,PAY_STATUS,BUY_DATE,ZIP_CODE,ADDRESS,DETAIL_ADDRESS,PHONE,DELIVERY_REQUEST,PAYMENT,CANCEL_STATUS,TOTAL_PRICE) values (24,5,'결제완료',to_date('2023/11/01','YYYY/MM/DD'),'11812','경기도 의정부시','903-1604','01012341234','부탁드립니다.','신용카드','주문완료',259000);
Insert into SHOESMARKET.BUY (BUY_NUM,CUS_NUM,PAY_STATUS,BUY_DATE,ZIP_CODE,ADDRESS,DETAIL_ADDRESS,PHONE,DELIVERY_REQUEST,PAYMENT,CANCEL_STATUS,TOTAL_PRICE) values (25,5,'결제완료',to_date('2023/11/01','YYYY/MM/DD'),'11812','경기도 의정부시','903-1604','01012341234','부탁드립니다.','신용카드','주문완료',258000);
Insert into SHOESMARKET.BUY (BUY_NUM,CUS_NUM,PAY_STATUS,BUY_DATE,ZIP_CODE,ADDRESS,DETAIL_ADDRESS,PHONE,DELIVERY_REQUEST,PAYMENT,CANCEL_STATUS,TOTAL_PRICE) values (26,5,'결제완료',to_date('2023/11/01','YYYY/MM/DD'),'11812','경기도 의정부시','903-1604','01012341234','부탁드립니다.','신용카드','주문완료',162000);
Insert into SHOESMARKET.BUY (BUY_NUM,CUS_NUM,PAY_STATUS,BUY_DATE,ZIP_CODE,ADDRESS,DETAIL_ADDRESS,PHONE,DELIVERY_REQUEST,PAYMENT,CANCEL_STATUS,TOTAL_PRICE) values (27,5,'결제완료',to_date('2023/11/01','YYYY/MM/DD'),'11812','경기도 의정부시','903-1604','01012341234','부탁드립니다.','신용카드','주문완료',222000);
Insert into SHOESMARKET.BUY (BUY_NUM,CUS_NUM,PAY_STATUS,BUY_DATE,ZIP_CODE,ADDRESS,DETAIL_ADDRESS,PHONE,DELIVERY_REQUEST,PAYMENT,CANCEL_STATUS,TOTAL_PRICE) values (28,5,'결제완료',to_date('2023/11/01','YYYY/MM/DD'),'11812','경기도 의정부시','903-1604','01012341234','부탁드립니다.','신용카드','주문완료',128000);
Insert into SHOESMARKET.BUY (BUY_NUM,CUS_NUM,PAY_STATUS,BUY_DATE,ZIP_CODE,ADDRESS,DETAIL_ADDRESS,PHONE,DELIVERY_REQUEST,PAYMENT,CANCEL_STATUS,TOTAL_PRICE) values (29,5,'결제완료',to_date('2023/11/01','YYYY/MM/DD'),'11812','경기도 의정부시','903-1604','01012341234','부탁드립니다.','신용카드','주문완료',517000);
Insert into SHOESMARKET.BUY (BUY_NUM,CUS_NUM,PAY_STATUS,BUY_DATE,ZIP_CODE,ADDRESS,DETAIL_ADDRESS,PHONE,DELIVERY_REQUEST,PAYMENT,CANCEL_STATUS,TOTAL_PRICE) values (30,5,'결제완료',to_date('2023/11/01','YYYY/MM/DD'),'11812','경기도 의정부시','903-1604','01012341234','부탁드립니다.','신용카드','주문완료',237000);
Insert into SHOESMARKET.BUY (BUY_NUM,CUS_NUM,PAY_STATUS,BUY_DATE,ZIP_CODE,ADDRESS,DETAIL_ADDRESS,PHONE,DELIVERY_REQUEST,PAYMENT,CANCEL_STATUS,TOTAL_PRICE) values (31,5,'결제완료',to_date('2023/11/01','YYYY/MM/DD'),'11812','경기도 의정부시','903-1604','01012341234','부탁드립니다.','신용카드','주문완료',318000);
Insert into SHOESMARKET.BUY (BUY_NUM,CUS_NUM,PAY_STATUS,BUY_DATE,ZIP_CODE,ADDRESS,DETAIL_ADDRESS,PHONE,DELIVERY_REQUEST,PAYMENT,CANCEL_STATUS,TOTAL_PRICE) values (32,5,'결제완료',to_date('2023/11/01','YYYY/MM/DD'),'11812','경기도 의정부시','903-1604','01012341234','부탁드립니다.','신용카드','주문완료',318000);
Insert into SHOESMARKET.BUY (BUY_NUM,CUS_NUM,PAY_STATUS,BUY_DATE,ZIP_CODE,ADDRESS,DETAIL_ADDRESS,PHONE,DELIVERY_REQUEST,PAYMENT,CANCEL_STATUS,TOTAL_PRICE) values (33,5,'결제완료',to_date('2023/11/01','YYYY/MM/DD'),'11812','경기도 의정부시','903-1604','01012341234','부탁드립니다.','신용카드','주문완료',318000);
Insert into SHOESMARKET.BUY (BUY_NUM,CUS_NUM,PAY_STATUS,BUY_DATE,ZIP_CODE,ADDRESS,DETAIL_ADDRESS,PHONE,DELIVERY_REQUEST,PAYMENT,CANCEL_STATUS,TOTAL_PRICE) values (34,5,'결제완료',to_date('2023/11/01','YYYY/MM/DD'),'11812','경기도 의정부시','903-1604','01012341234','부탁드립니다.','신용카드','주문완료',318000);
Insert into SHOESMARKET.BUY (BUY_NUM,CUS_NUM,PAY_STATUS,BUY_DATE,ZIP_CODE,ADDRESS,DETAIL_ADDRESS,PHONE,DELIVERY_REQUEST,PAYMENT,CANCEL_STATUS,TOTAL_PRICE) values (35,5,'결제완료',to_date('2023/11/01','YYYY/MM/DD'),'11812','경기도 의정부시','903-1604','01012341234','부탁드립니다.','신용카드','주문완료',318000);
Insert into SHOESMARKET.BUY (BUY_NUM,CUS_NUM,PAY_STATUS,BUY_DATE,ZIP_CODE,ADDRESS,DETAIL_ADDRESS,PHONE,DELIVERY_REQUEST,PAYMENT,CANCEL_STATUS,TOTAL_PRICE) values (36,9,'결제완료',to_date('2023/11/01','YYYY/MM/DD'),'11812','경기도 의정부시','903-1604','01012341111','부탁드립니다.','신용카드','주문완료',595000);
Insert into SHOESMARKET.BUY (BUY_NUM,CUS_NUM,PAY_STATUS,BUY_DATE,ZIP_CODE,ADDRESS,DETAIL_ADDRESS,PHONE,DELIVERY_REQUEST,PAYMENT,CANCEL_STATUS,TOTAL_PRICE) values (37,9,'결제완료',to_date('2023/11/01','YYYY/MM/DD'),'11812','경기도 의정부시','903-1604','01012341111','부탁드립니다.','신용카드','주문완료',595000);
Insert into SHOESMARKET.BUY (BUY_NUM,CUS_NUM,PAY_STATUS,BUY_DATE,ZIP_CODE,ADDRESS,DETAIL_ADDRESS,PHONE,DELIVERY_REQUEST,PAYMENT,CANCEL_STATUS,TOTAL_PRICE) values (38,5,'결제완료',to_date('2023/11/01','YYYY/MM/DD'),'11812','경기도 의정부시','903-1604','01012341234','부탁드립니다.','신용카드','주문완료',343000);
Insert into SHOESMARKET.BUY (BUY_NUM,CUS_NUM,PAY_STATUS,BUY_DATE,ZIP_CODE,ADDRESS,DETAIL_ADDRESS,PHONE,DELIVERY_REQUEST,PAYMENT,CANCEL_STATUS,TOTAL_PRICE) values (39,5,'결제완료',to_date('2023/11/01','YYYY/MM/DD'),'11812','경기도 의정부시','903-1604','01012341234','부탁드립니다.','신용카드','주문완료',743000);
Insert into SHOESMARKET.BUY (BUY_NUM,CUS_NUM,PAY_STATUS,BUY_DATE,ZIP_CODE,ADDRESS,DETAIL_ADDRESS,PHONE,DELIVERY_REQUEST,PAYMENT,CANCEL_STATUS,TOTAL_PRICE) values (40,5,'결제완료',to_date('2023/11/01','YYYY/MM/DD'),'12345','경기도 의정부시','903-1604','01012341234','부탁드립니다.','신용카드','주문완료',312000);
Insert into SHOESMARKET.BUY (BUY_NUM,CUS_NUM,PAY_STATUS,BUY_DATE,ZIP_CODE,ADDRESS,DETAIL_ADDRESS,PHONE,DELIVERY_REQUEST,PAYMENT,CANCEL_STATUS,TOTAL_PRICE) values (41,5,'결제완료',to_date('2023/11/01','YYYY/MM/DD'),'11812','경기도 의정부시','903-1604','01012341234','부탁드립니다.','신용카드','주문완료',640000);
REM INSERTING into SHOESMARKET.CART
SET DEFINE OFF;
REM INSERTING into SHOESMARKET.CUSTOMER
SET DEFINE OFF;
Insert into SHOESMARKET.CUSTOMER (CUS_NUM,CUS_EMAIL,CUS_PASSWORD,CUS_NAME,CUS_NICK_NAME,CUS_PHONE_NUM,CUS_REGDATE,CUS_MODDATE,CUS_ID) values (7,'rlatjdud9188@naver.com','12345','김서영','서영','01034489188',to_date('2023/10/31','YYYY/MM/DD'),null,'test3');
Insert into SHOESMARKET.CUSTOMER (CUS_NUM,CUS_EMAIL,CUS_PASSWORD,CUS_NAME,CUS_NICK_NAME,CUS_PHONE_NUM,CUS_REGDATE,CUS_MODDATE,CUS_ID) values (9,'test4@naver.com','12345','박주영','박주영','01012341111',to_date('2023/11/01','YYYY/MM/DD'),null,'test4');
Insert into SHOESMARKET.CUSTOMER (CUS_NUM,CUS_EMAIL,CUS_PASSWORD,CUS_NAME,CUS_NICK_NAME,CUS_PHONE_NUM,CUS_REGDATE,CUS_MODDATE,CUS_ID) values (10,'test5@naver.com','12345','박수진','박수진','01033333333',to_date('2023/11/01','YYYY/MM/DD'),null,'test5');
Insert into SHOESMARKET.CUSTOMER (CUS_NUM,CUS_EMAIL,CUS_PASSWORD,CUS_NAME,CUS_NICK_NAME,CUS_PHONE_NUM,CUS_REGDATE,CUS_MODDATE,CUS_ID) values (11,'test6@naver.com','12345','박효정','박효정','01033333334',to_date('2023/11/01','YYYY/MM/DD'),null,'test6');
Insert into SHOESMARKET.CUSTOMER (CUS_NUM,CUS_EMAIL,CUS_PASSWORD,CUS_NAME,CUS_NICK_NAME,CUS_PHONE_NUM,CUS_REGDATE,CUS_MODDATE,CUS_ID) values (5,'test@test.com','12345','홍길동','홍','01012341234',to_date('2023/10/27','YYYY/MM/DD'),null,'test1');
Insert into SHOESMARKET.CUSTOMER (CUS_NUM,CUS_EMAIL,CUS_PASSWORD,CUS_NAME,CUS_NICK_NAME,CUS_PHONE_NUM,CUS_REGDATE,CUS_MODDATE,CUS_ID) values (6,'test22@test.com','12345','김유신','테스트22','01022222222',to_date('2023/10/30','YYYY/MM/DD'),null,'test2');
Insert into SHOESMARKET.CUSTOMER (CUS_NUM,CUS_EMAIL,CUS_PASSWORD,CUS_NAME,CUS_NICK_NAME,CUS_PHONE_NUM,CUS_REGDATE,CUS_MODDATE,CUS_ID) values (12,'test7@naver.com','12345','박서영','박서영','01011112222',to_date('2023/11/01','YYYY/MM/DD'),null,'test7');
Insert into SHOESMARKET.CUSTOMER (CUS_NUM,CUS_EMAIL,CUS_PASSWORD,CUS_NAME,CUS_NICK_NAME,CUS_PHONE_NUM,CUS_REGDATE,CUS_MODDATE,CUS_ID) values (13,'test8@naver.com','12345','김주영','김주영','01022221111',to_date('2023/11/01','YYYY/MM/DD'),null,'test8');
Insert into SHOESMARKET.CUSTOMER (CUS_NUM,CUS_EMAIL,CUS_PASSWORD,CUS_NAME,CUS_NICK_NAME,CUS_PHONE_NUM,CUS_REGDATE,CUS_MODDATE,CUS_ID) values (14,'test9@naver.com','12345','김수진','김수진','01088888888',to_date('2023/11/01','YYYY/MM/DD'),null,'test9');
Insert into SHOESMARKET.CUSTOMER (CUS_NUM,CUS_EMAIL,CUS_PASSWORD,CUS_NAME,CUS_NICK_NAME,CUS_PHONE_NUM,CUS_REGDATE,CUS_MODDATE,CUS_ID) values (15,'test10@naver.com','12345','김선우','선우','01077777777',to_date('2023/11/01','YYYY/MM/DD'),null,'test10');
Insert into SHOESMARKET.CUSTOMER (CUS_NUM,CUS_EMAIL,CUS_PASSWORD,CUS_NAME,CUS_NICK_NAME,CUS_PHONE_NUM,CUS_REGDATE,CUS_MODDATE,CUS_ID) values (16,'test11@naver.com','12345','김효정','김효정','01088887777',to_date('2023/11/01','YYYY/MM/DD'),null,'test11');
Insert into SHOESMARKET.CUSTOMER (CUS_NUM,CUS_EMAIL,CUS_PASSWORD,CUS_NAME,CUS_NICK_NAME,CUS_PHONE_NUM,CUS_REGDATE,CUS_MODDATE,CUS_ID) values (17,'test12@naver.com','12345','을지문덕','을지문덕','01033332222',to_date('2023/11/01','YYYY/MM/DD'),null,'test12');
Insert into SHOESMARKET.CUSTOMER (CUS_NUM,CUS_EMAIL,CUS_PASSWORD,CUS_NAME,CUS_NICK_NAME,CUS_PHONE_NUM,CUS_REGDATE,CUS_MODDATE,CUS_ID) values (18,'test13@naver.com','12345','이순신','이순신','01011119999',to_date('2023/11/01','YYYY/MM/DD'),null,'test13');
Insert into SHOESMARKET.CUSTOMER (CUS_NUM,CUS_EMAIL,CUS_PASSWORD,CUS_NAME,CUS_NICK_NAME,CUS_PHONE_NUM,CUS_REGDATE,CUS_MODDATE,CUS_ID) values (19,'test14@naver.com','12345','서장훈','서장훈','01022223333',to_date('2023/11/01','YYYY/MM/DD'),null,'test14');
Insert into SHOESMARKET.CUSTOMER (CUS_NUM,CUS_EMAIL,CUS_PASSWORD,CUS_NAME,CUS_NICK_NAME,CUS_PHONE_NUM,CUS_REGDATE,CUS_MODDATE,CUS_ID) values (20,'test15@naver.com','12345','유재석','유재석','01022224444',to_date('2023/11/01','YYYY/MM/DD'),null,'test15');
Insert into SHOESMARKET.CUSTOMER (CUS_NUM,CUS_EMAIL,CUS_PASSWORD,CUS_NAME,CUS_NICK_NAME,CUS_PHONE_NUM,CUS_REGDATE,CUS_MODDATE,CUS_ID) values (21,'test16@naver.com','12345','장원영','장원영','01099998888',to_date('2023/11/01','YYYY/MM/DD'),null,'test16');
Insert into SHOESMARKET.CUSTOMER (CUS_NUM,CUS_EMAIL,CUS_PASSWORD,CUS_NAME,CUS_NICK_NAME,CUS_PHONE_NUM,CUS_REGDATE,CUS_MODDATE,CUS_ID) values (22,'test17@naver.com','12345','이서영','이서영','01087877878',to_date('2023/11/01','YYYY/MM/DD'),null,'test17');
Insert into SHOESMARKET.CUSTOMER (CUS_NUM,CUS_EMAIL,CUS_PASSWORD,CUS_NAME,CUS_NICK_NAME,CUS_PHONE_NUM,CUS_REGDATE,CUS_MODDATE,CUS_ID) values (23,'test18@naver.com','12345','강감찬','강감찬','01044443333',to_date('2023/11/01','YYYY/MM/DD'),null,'test18');
Insert into SHOESMARKET.CUSTOMER (CUS_NUM,CUS_EMAIL,CUS_PASSWORD,CUS_NAME,CUS_NICK_NAME,CUS_PHONE_NUM,CUS_REGDATE,CUS_MODDATE,CUS_ID) values (24,'test19@naver.com','12345','이서준','이서준','01033335555',to_date('2023/11/01','YYYY/MM/DD'),null,'test19');
Insert into SHOESMARKET.CUSTOMER (CUS_NUM,CUS_EMAIL,CUS_PASSWORD,CUS_NAME,CUS_NICK_NAME,CUS_PHONE_NUM,CUS_REGDATE,CUS_MODDATE,CUS_ID) values (25,'test20@naver.com','12345','이마크','이마크','01033336666',to_date('2023/11/01','YYYY/MM/DD'),null,'test20');
Insert into SHOESMARKET.CUSTOMER (CUS_NUM,CUS_EMAIL,CUS_PASSWORD,CUS_NAME,CUS_NICK_NAME,CUS_PHONE_NUM,CUS_REGDATE,CUS_MODDATE,CUS_ID) values (26,'test21@naver.com','12345','김도영','김도영','01033337777',to_date('2023/11/01','YYYY/MM/DD'),null,'test21');
Insert into SHOESMARKET.CUSTOMER (CUS_NUM,CUS_EMAIL,CUS_PASSWORD,CUS_NAME,CUS_NICK_NAME,CUS_PHONE_NUM,CUS_REGDATE,CUS_MODDATE,CUS_ID) values (27,'test22@naver.com','12345','김정우','김정우','01066661111',to_date('2023/11/01','YYYY/MM/DD'),null,'test22');
REM INSERTING into SHOESMARKET.INQUIRY
SET DEFINE OFF;
Insert into SHOESMARKET.INQUIRY (INQUIRY_NUM,CUS_NUM,SECRET_STATUS,TITLE,CONTENTS,REG_DATE,MOD_DATE,ITEM_NUM,INQ_IMG_PATH,INQ_IMG_NAME) values (71,7,'on','ㄹㄹㄹㄹㄹㄹ','ㄹㄹㄹㄹㄹㄹㄹㄹㄹ',to_date('2023/11/01','YYYY/MM/DD'),to_date('2023/11/01','YYYY/MM/DD'),17,'C:\temp','푸마 스커프.png');
Insert into SHOESMARKET.INQUIRY (INQUIRY_NUM,CUS_NUM,SECRET_STATUS,TITLE,CONTENTS,REG_DATE,MOD_DATE,ITEM_NUM,INQ_IMG_PATH,INQ_IMG_NAME) values (7,12,'on','배송 도착일 확인 부탁드립니다','금요일에 주문한 신발 배송일 확인 부탁드립니다.',to_date('2023/11/01','YYYY/MM/DD'),to_date('2023/11/01','YYYY/MM/DD'),19,null,null);
Insert into SHOESMARKET.INQUIRY (INQUIRY_NUM,CUS_NUM,SECRET_STATUS,TITLE,CONTENTS,REG_DATE,MOD_DATE,ITEM_NUM,INQ_IMG_PATH,INQ_IMG_NAME) values (8,10,'on','주문 취소 하려고 합니다.','배송 출발 전으로 확인 되는데 주문 취소 해주세요',to_date('2023/11/01','YYYY/MM/DD'),to_date('2023/11/01','YYYY/MM/DD'),11,null,null);
Insert into SHOESMARKET.INQUIRY (INQUIRY_NUM,CUS_NUM,SECRET_STATUS,TITLE,CONTENTS,REG_DATE,MOD_DATE,ITEM_NUM,INQ_IMG_PATH,INQ_IMG_NAME) values (10,13,'off','재고 확인 부탁드립니다.','해당 상품 재주문하려고하는데 물량 확보 언제 되나요?',to_date('2023/11/01','YYYY/MM/DD'),to_date('2023/11/01','YYYY/MM/DD'),20,null,null);
Insert into SHOESMARKET.INQUIRY (INQUIRY_NUM,CUS_NUM,SECRET_STATUS,TITLE,CONTENTS,REG_DATE,MOD_DATE,ITEM_NUM,INQ_IMG_PATH,INQ_IMG_NAME) values (12,27,'on','주문 취소 하려고 합니다.','배송 출발 전으로 확인 되는데 주문 취소 해주세요',to_date('2023/11/01','YYYY/MM/DD'),to_date('2023/11/01','YYYY/MM/DD'),37,null,null);
Insert into SHOESMARKET.INQUIRY (INQUIRY_NUM,CUS_NUM,SECRET_STATUS,TITLE,CONTENTS,REG_DATE,MOD_DATE,ITEM_NUM,INQ_IMG_PATH,INQ_IMG_NAME) values (16,7,'on','배송 도착일 확인.','오늘 주문하면 언제 즈음 받을수 있을까요?',to_date('2023/11/01','YYYY/MM/DD'),to_date('2023/11/01','YYYY/MM/DD'),15,null,null);
Insert into SHOESMARKET.INQUIRY (INQUIRY_NUM,CUS_NUM,SECRET_STATUS,TITLE,CONTENTS,REG_DATE,MOD_DATE,ITEM_NUM,INQ_IMG_PATH,INQ_IMG_NAME) values (17,25,'on','배송 도착일 확인 부탁드립니다','금요일에 주문한 신발 배송일 확인 부탁드립니다.',to_date('2023/11/01','YYYY/MM/DD'),to_date('2023/11/01','YYYY/MM/DD'),11,null,null);
Insert into SHOESMARKET.INQUIRY (INQUIRY_NUM,CUS_NUM,SECRET_STATUS,TITLE,CONTENTS,REG_DATE,MOD_DATE,ITEM_NUM,INQ_IMG_PATH,INQ_IMG_NAME) values (18,25,'on','배송 도착일 확인 부탁드립니다','금요일에 주문한 신발 배송일 확인 부탁드립니다.',to_date('2023/11/01','YYYY/MM/DD'),to_date('2023/11/01','YYYY/MM/DD'),16,null,null);
Insert into SHOESMARKET.INQUIRY (INQUIRY_NUM,CUS_NUM,SECRET_STATUS,TITLE,CONTENTS,REG_DATE,MOD_DATE,ITEM_NUM,INQ_IMG_PATH,INQ_IMG_NAME) values (21,25,'off','배송 도착일 확인 부탁드립니다','금요일에 주문한 신발 배송일 확인 부탁드립니다.',to_date('2023/11/01','YYYY/MM/DD'),to_date('2023/11/01','YYYY/MM/DD'),16,null,null);
Insert into SHOESMARKET.INQUIRY (INQUIRY_NUM,CUS_NUM,SECRET_STATUS,TITLE,CONTENTS,REG_DATE,MOD_DATE,ITEM_NUM,INQ_IMG_PATH,INQ_IMG_NAME) values (22,7,'on','배송 도착일 확인.','오늘 주문하면 언제 즈음 받을수 있을까요?',to_date('2023/11/01','YYYY/MM/DD'),to_date('2023/11/01','YYYY/MM/DD'),15,null,null);
Insert into SHOESMARKET.INQUIRY (INQUIRY_NUM,CUS_NUM,SECRET_STATUS,TITLE,CONTENTS,REG_DATE,MOD_DATE,ITEM_NUM,INQ_IMG_PATH,INQ_IMG_NAME) values (26,18,'on','주문 취소','배송 출발 전으로 확인 되는데 주문 취소 해주세요',to_date('2023/11/01','YYYY/MM/DD'),to_date('2023/11/01','YYYY/MM/DD'),31,null,null);
Insert into SHOESMARKET.INQUIRY (INQUIRY_NUM,CUS_NUM,SECRET_STATUS,TITLE,CONTENTS,REG_DATE,MOD_DATE,ITEM_NUM,INQ_IMG_PATH,INQ_IMG_NAME) values (27,11,'off','재고 확인.','해당 상품 재주문하려고하는데 물량 확보 언제 되나요?',to_date('2023/11/01','YYYY/MM/DD'),to_date('2023/11/01','YYYY/MM/DD'),42,null,null);
Insert into SHOESMARKET.INQUIRY (INQUIRY_NUM,CUS_NUM,SECRET_STATUS,TITLE,CONTENTS,REG_DATE,MOD_DATE,ITEM_NUM,INQ_IMG_PATH,INQ_IMG_NAME) values (28,15,'off','재고 확인.','해당 상품 재주문하려고하는데 물량 확보 언제 되나요?',to_date('2023/11/01','YYYY/MM/DD'),to_date('2023/11/01','YYYY/MM/DD'),52,null,null);
Insert into SHOESMARKET.INQUIRY (INQUIRY_NUM,CUS_NUM,SECRET_STATUS,TITLE,CONTENTS,REG_DATE,MOD_DATE,ITEM_NUM,INQ_IMG_PATH,INQ_IMG_NAME) values (31,17,'on','주문 취소 하려고 합니다.','배송 출발 전으로 확인 되는데 주문 취소 해주세요',to_date('2023/11/01','YYYY/MM/DD'),to_date('2023/11/01','YYYY/MM/DD'),33,null,null);
Insert into SHOESMARKET.INQUIRY (INQUIRY_NUM,CUS_NUM,SECRET_STATUS,TITLE,CONTENTS,REG_DATE,MOD_DATE,ITEM_NUM,INQ_IMG_PATH,INQ_IMG_NAME) values (32,19,'on','배송 도착일 확인 부탁드립니다.','설날 연휴에 주문하면 언제 즈음 받을수 있을까요?',to_date('2023/11/01','YYYY/MM/DD'),to_date('2023/11/01','YYYY/MM/DD'),52,null,null);
Insert into SHOESMARKET.INQUIRY (INQUIRY_NUM,CUS_NUM,SECRET_STATUS,TITLE,CONTENTS,REG_DATE,MOD_DATE,ITEM_NUM,INQ_IMG_PATH,INQ_IMG_NAME) values (33,10,'on','주문 취소 하려고 합니다.','배송 출발 전으로 확인 되는데 주문 취소 해주세요',to_date('2023/11/01','YYYY/MM/DD'),to_date('2023/11/01','YYYY/MM/DD'),11,null,null);
Insert into SHOESMARKET.INQUIRY (INQUIRY_NUM,CUS_NUM,SECRET_STATUS,TITLE,CONTENTS,REG_DATE,MOD_DATE,ITEM_NUM,INQ_IMG_PATH,INQ_IMG_NAME) values (34,13,'off','재고 확인 부탁드립니다.','해당 상품 재주문하려고하는데 물량 확보 언제 되나요?',to_date('2023/11/01','YYYY/MM/DD'),to_date('2023/11/01','YYYY/MM/DD'),20,null,null);
Insert into SHOESMARKET.INQUIRY (INQUIRY_NUM,CUS_NUM,SECRET_STATUS,TITLE,CONTENTS,REG_DATE,MOD_DATE,ITEM_NUM,INQ_IMG_PATH,INQ_IMG_NAME) values (35,27,'on','주문 취소 하려고 합니다.','배송 출발 전으로 확인 되는데 주문 취소 해주세요',to_date('2023/11/01','YYYY/MM/DD'),to_date('2023/11/01','YYYY/MM/DD'),37,null,null);
Insert into SHOESMARKET.INQUIRY (INQUIRY_NUM,CUS_NUM,SECRET_STATUS,TITLE,CONTENTS,REG_DATE,MOD_DATE,ITEM_NUM,INQ_IMG_PATH,INQ_IMG_NAME) values (38,7,'on','배송 도착일 확인.','오늘 주문하면 언제 즈음 받을수 있을까요?',to_date('2023/11/01','YYYY/MM/DD'),to_date('2023/11/01','YYYY/MM/DD'),15,null,null);
Insert into SHOESMARKET.INQUIRY (INQUIRY_NUM,CUS_NUM,SECRET_STATUS,TITLE,CONTENTS,REG_DATE,MOD_DATE,ITEM_NUM,INQ_IMG_PATH,INQ_IMG_NAME) values (39,25,'off','배송 도착일 확인 부탁드립니다','금요일에 주문한 신발 배송일 확인 부탁드립니다.',to_date('2023/11/01','YYYY/MM/DD'),to_date('2023/11/01','YYYY/MM/DD'),16,null,null);
Insert into SHOESMARKET.INQUIRY (INQUIRY_NUM,CUS_NUM,SECRET_STATUS,TITLE,CONTENTS,REG_DATE,MOD_DATE,ITEM_NUM,INQ_IMG_PATH,INQ_IMG_NAME) values (40,18,'on','주문 취소','배송 출발 전으로 확인 되는데 주문 취소 해주세요',to_date('2023/11/01','YYYY/MM/DD'),to_date('2023/11/01','YYYY/MM/DD'),31,null,null);
Insert into SHOESMARKET.INQUIRY (INQUIRY_NUM,CUS_NUM,SECRET_STATUS,TITLE,CONTENTS,REG_DATE,MOD_DATE,ITEM_NUM,INQ_IMG_PATH,INQ_IMG_NAME) values (41,15,'off','재고 확인.','해당 상품 재주문하려고하는데 물량 확보 언제 되나요?',to_date('2023/11/01','YYYY/MM/DD'),to_date('2023/11/01','YYYY/MM/DD'),52,null,null);
Insert into SHOESMARKET.INQUIRY (INQUIRY_NUM,CUS_NUM,SECRET_STATUS,TITLE,CONTENTS,REG_DATE,MOD_DATE,ITEM_NUM,INQ_IMG_PATH,INQ_IMG_NAME) values (42,17,'on','주문 취소 하려고 합니다.','배송 출발 전으로 확인 되는데 주문 취소 해주세요',to_date('2023/11/01','YYYY/MM/DD'),to_date('2023/11/01','YYYY/MM/DD'),33,null,null);
Insert into SHOESMARKET.INQUIRY (INQUIRY_NUM,CUS_NUM,SECRET_STATUS,TITLE,CONTENTS,REG_DATE,MOD_DATE,ITEM_NUM,INQ_IMG_PATH,INQ_IMG_NAME) values (43,19,'on','배송 도착일 확인 부탁드립니다.','설날 연휴에 주문하면 언제 즈음 받을수 있을까요?',to_date('2023/11/01','YYYY/MM/DD'),to_date('2023/11/01','YYYY/MM/DD'),52,null,null);
Insert into SHOESMARKET.INQUIRY (INQUIRY_NUM,CUS_NUM,SECRET_STATUS,TITLE,CONTENTS,REG_DATE,MOD_DATE,ITEM_NUM,INQ_IMG_PATH,INQ_IMG_NAME) values (44,15,'off','재고 확인.','해당 상품 재주문하려고하는데 물량 확보 언제 되나요?',to_date('2023/11/01','YYYY/MM/DD'),to_date('2023/11/01','YYYY/MM/DD'),43,null,null);
Insert into SHOESMARKET.INQUIRY (INQUIRY_NUM,CUS_NUM,SECRET_STATUS,TITLE,CONTENTS,REG_DATE,MOD_DATE,ITEM_NUM,INQ_IMG_PATH,INQ_IMG_NAME) values (45,17,'on','주문 취소 하려고 합니다.','배송 출발 전으로 확인 되는데 주문 취소 해주세요',to_date('2023/11/01','YYYY/MM/DD'),to_date('2023/11/01','YYYY/MM/DD'),44,null,null);
Insert into SHOESMARKET.INQUIRY (INQUIRY_NUM,CUS_NUM,SECRET_STATUS,TITLE,CONTENTS,REG_DATE,MOD_DATE,ITEM_NUM,INQ_IMG_PATH,INQ_IMG_NAME) values (46,19,'on','배송 도착일 확인 부탁드립니다.','설날 연휴에 주문하면 언제 즈음 받을수 있을까요?',to_date('2023/11/01','YYYY/MM/DD'),to_date('2023/11/01','YYYY/MM/DD'),22,null,null);
Insert into SHOESMARKET.INQUIRY (INQUIRY_NUM,CUS_NUM,SECRET_STATUS,TITLE,CONTENTS,REG_DATE,MOD_DATE,ITEM_NUM,INQ_IMG_PATH,INQ_IMG_NAME) values (47,17,'on','배송 도착일 확인.','오늘 주문하면 언제 즈음 받을수 있을까요?',to_date('2023/11/01','YYYY/MM/DD'),to_date('2023/11/01','YYYY/MM/DD'),15,null,null);
Insert into SHOESMARKET.INQUIRY (INQUIRY_NUM,CUS_NUM,SECRET_STATUS,TITLE,CONTENTS,REG_DATE,MOD_DATE,ITEM_NUM,INQ_IMG_PATH,INQ_IMG_NAME) values (48,22,'off','배송 도착일 확인 부탁드립니다','금요일에 주문한 신발 배송일 확인 부탁드립니다.',to_date('2023/11/01','YYYY/MM/DD'),to_date('2023/11/01','YYYY/MM/DD'),16,null,null);
Insert into SHOESMARKET.INQUIRY (INQUIRY_NUM,CUS_NUM,SECRET_STATUS,TITLE,CONTENTS,REG_DATE,MOD_DATE,ITEM_NUM,INQ_IMG_PATH,INQ_IMG_NAME) values (49,11,'on','주문 취소','배송 출발 전으로 확인 되는데 주문 취소 해주세요',to_date('2023/11/01','YYYY/MM/DD'),to_date('2023/11/01','YYYY/MM/DD'),28,null,null);
Insert into SHOESMARKET.INQUIRY (INQUIRY_NUM,CUS_NUM,SECRET_STATUS,TITLE,CONTENTS,REG_DATE,MOD_DATE,ITEM_NUM,INQ_IMG_PATH,INQ_IMG_NAME) values (50,13,'off','재고 확인 부탁드립니다.','해당 상품 재주문하려고하는데 물량 확보 언제 되나요?',to_date('2023/11/01','YYYY/MM/DD'),to_date('2023/11/01','YYYY/MM/DD'),45,null,null);
Insert into SHOESMARKET.INQUIRY (INQUIRY_NUM,CUS_NUM,SECRET_STATUS,TITLE,CONTENTS,REG_DATE,MOD_DATE,ITEM_NUM,INQ_IMG_PATH,INQ_IMG_NAME) values (51,27,'on','주문 취소 하려고 합니다.','배송 출발 전으로 확인 되는데 주문 취소 해주세요',to_date('2023/11/01','YYYY/MM/DD'),to_date('2023/11/01','YYYY/MM/DD'),32,null,null);
Insert into SHOESMARKET.INQUIRY (INQUIRY_NUM,CUS_NUM,SECRET_STATUS,TITLE,CONTENTS,REG_DATE,MOD_DATE,ITEM_NUM,INQ_IMG_PATH,INQ_IMG_NAME) values (52,5,'on','주문 취소 하려고 합니다.','배송 출발 전으로 확인 되는데 주문 취소 해주세요',to_date('2023/11/01','YYYY/MM/DD'),to_date('2023/11/01','YYYY/MM/DD'),31,null,null);
Insert into SHOESMARKET.INQUIRY (INQUIRY_NUM,CUS_NUM,SECRET_STATUS,TITLE,CONTENTS,REG_DATE,MOD_DATE,ITEM_NUM,INQ_IMG_PATH,INQ_IMG_NAME) values (53,12,'on','배송 도착일 확인 부탁드립니다','금요일에 주문한 신발 배송일 확인 부탁드립니다.',to_date('2023/11/01','YYYY/MM/DD'),to_date('2023/11/01','YYYY/MM/DD'),19,null,null);
Insert into SHOESMARKET.INQUIRY (INQUIRY_NUM,CUS_NUM,SECRET_STATUS,TITLE,CONTENTS,REG_DATE,MOD_DATE,ITEM_NUM,INQ_IMG_PATH,INQ_IMG_NAME) values (54,10,'on','주문 취소 하려고 합니다.','배송 출발 전으로 확인 되는데 주문 취소 해주세요',to_date('2023/11/01','YYYY/MM/DD'),to_date('2023/11/01','YYYY/MM/DD'),33,null,null);
Insert into SHOESMARKET.INQUIRY (INQUIRY_NUM,CUS_NUM,SECRET_STATUS,TITLE,CONTENTS,REG_DATE,MOD_DATE,ITEM_NUM,INQ_IMG_PATH,INQ_IMG_NAME) values (55,12,'on','배송 도착일 확인 부탁드립니다','금요일에 주문한 신발 배송일 확인 부탁드립니다.',to_date('2023/11/01','YYYY/MM/DD'),to_date('2023/11/01','YYYY/MM/DD'),19,null,null);
Insert into SHOESMARKET.INQUIRY (INQUIRY_NUM,CUS_NUM,SECRET_STATUS,TITLE,CONTENTS,REG_DATE,MOD_DATE,ITEM_NUM,INQ_IMG_PATH,INQ_IMG_NAME) values (56,10,'on','주문 취소 하려고 합니다.','배송 출발 전으로 확인 되는데 주문 취소 해주세요',to_date('2023/11/01','YYYY/MM/DD'),to_date('2023/11/01','YYYY/MM/DD'),33,null,null);
Insert into SHOESMARKET.INQUIRY (INQUIRY_NUM,CUS_NUM,SECRET_STATUS,TITLE,CONTENTS,REG_DATE,MOD_DATE,ITEM_NUM,INQ_IMG_PATH,INQ_IMG_NAME) values (57,13,'off','재고 확인 부탁드립니다.','해당 상품 재주문하려고하는데 물량 확보 언제 되나요?',to_date('2023/11/01','YYYY/MM/DD'),to_date('2023/11/01','YYYY/MM/DD'),45,null,null);
Insert into SHOESMARKET.INQUIRY (INQUIRY_NUM,CUS_NUM,SECRET_STATUS,TITLE,CONTENTS,REG_DATE,MOD_DATE,ITEM_NUM,INQ_IMG_PATH,INQ_IMG_NAME) values (58,27,'on','주문 취소 하려고 합니다.','배송 출발 전으로 확인 되는데 주문 취소 해주세요',to_date('2023/11/01','YYYY/MM/DD'),to_date('2023/11/01','YYYY/MM/DD'),32,null,null);
Insert into SHOESMARKET.INQUIRY (INQUIRY_NUM,CUS_NUM,SECRET_STATUS,TITLE,CONTENTS,REG_DATE,MOD_DATE,ITEM_NUM,INQ_IMG_PATH,INQ_IMG_NAME) values (59,5,'on','주문 취소 하려고 합니다.','배송 출발 전으로 확인 되는데 주문 취소 해주세요',to_date('2023/11/01','YYYY/MM/DD'),to_date('2023/11/01','YYYY/MM/DD'),31,null,null);
Insert into SHOESMARKET.INQUIRY (INQUIRY_NUM,CUS_NUM,SECRET_STATUS,TITLE,CONTENTS,REG_DATE,MOD_DATE,ITEM_NUM,INQ_IMG_PATH,INQ_IMG_NAME) values (60,5,'off','재고확인','재주문 하려고 하는데 해당 제품 재고 확인 부탁드립니다.',to_date('2023/11/01','YYYY/MM/DD'),to_date('2023/11/01','YYYY/MM/DD'),16,null,null);
Insert into SHOESMARKET.INQUIRY (INQUIRY_NUM,CUS_NUM,SECRET_STATUS,TITLE,CONTENTS,REG_DATE,MOD_DATE,ITEM_NUM,INQ_IMG_PATH,INQ_IMG_NAME) values (61,17,'on','배송 도착일 확인.','오늘 주문하면 언제 즈음 받을수 있을까요?',to_date('2023/11/01','YYYY/MM/DD'),to_date('2023/11/01','YYYY/MM/DD'),15,null,null);
Insert into SHOESMARKET.INQUIRY (INQUIRY_NUM,CUS_NUM,SECRET_STATUS,TITLE,CONTENTS,REG_DATE,MOD_DATE,ITEM_NUM,INQ_IMG_PATH,INQ_IMG_NAME) values (62,22,'off','배송 도착일 확인 부탁드립니다','금요일에 주문한 신발 배송일 확인 부탁드립니다.',to_date('2023/11/01','YYYY/MM/DD'),to_date('2023/11/01','YYYY/MM/DD'),16,null,null);
Insert into SHOESMARKET.INQUIRY (INQUIRY_NUM,CUS_NUM,SECRET_STATUS,TITLE,CONTENTS,REG_DATE,MOD_DATE,ITEM_NUM,INQ_IMG_PATH,INQ_IMG_NAME) values (63,11,'on','주문 취소','배송 출발 전으로 확인 되는데 주문 취소 해주세요',to_date('2023/11/01','YYYY/MM/DD'),to_date('2023/11/01','YYYY/MM/DD'),28,null,null);
Insert into SHOESMARKET.INQUIRY (INQUIRY_NUM,CUS_NUM,SECRET_STATUS,TITLE,CONTENTS,REG_DATE,MOD_DATE,ITEM_NUM,INQ_IMG_PATH,INQ_IMG_NAME) values (64,15,'off','재고 확인.','해당 상품 재주문하려고하는데 물량 확보 언제 되나요?',to_date('2023/11/01','YYYY/MM/DD'),to_date('2023/11/01','YYYY/MM/DD'),43,null,null);
Insert into SHOESMARKET.INQUIRY (INQUIRY_NUM,CUS_NUM,SECRET_STATUS,TITLE,CONTENTS,REG_DATE,MOD_DATE,ITEM_NUM,INQ_IMG_PATH,INQ_IMG_NAME) values (65,17,'on','주문 취소 하려고 합니다.','배송 출발 전으로 확인 되는데 주문 취소 해주세요',to_date('2023/11/01','YYYY/MM/DD'),to_date('2023/11/01','YYYY/MM/DD'),44,null,null);
Insert into SHOESMARKET.INQUIRY (INQUIRY_NUM,CUS_NUM,SECRET_STATUS,TITLE,CONTENTS,REG_DATE,MOD_DATE,ITEM_NUM,INQ_IMG_PATH,INQ_IMG_NAME) values (66,19,'on','배송 도착일 확인 부탁드립니다.','설날 연휴에 주문하면 언제 즈음 받을수 있을까요?',to_date('2023/11/01','YYYY/MM/DD'),to_date('2023/11/01','YYYY/MM/DD'),22,null,null);
REM INSERTING into SHOESMARKET.INQUIRY_COMMENT
SET DEFINE OFF;
Insert into SHOESMARKET.INQUIRY_COMMENT (IQ_COMMENT_NUM,INQUIRY_NUM,CONTENTS,REG_DATE,MOD_DATE) values (1,66,'설날 같은 연휴 기간에 주문하시는 경우 최대 10일 정도 소요 됩니다.',to_date('2023/11/01','YYYY/MM/DD'),to_date('2023/11/01','YYYY/MM/DD'));
Insert into SHOESMARKET.INQUIRY_COMMENT (IQ_COMMENT_NUM,INQUIRY_NUM,CONTENTS,REG_DATE,MOD_DATE) values (2,65,'죄송합니다. 고객님 주문하신 상품들은 배송 준비가 완료되어 주문 취소가 불가능합니다.',to_date('2023/11/01','YYYY/MM/DD'),to_date('2023/11/01','YYYY/MM/DD'));
Insert into SHOESMARKET.INQUIRY_COMMENT (IQ_COMMENT_NUM,INQUIRY_NUM,CONTENTS,REG_DATE,MOD_DATE) values (3,64,'죄송합니다. 해당 제품은 업체와의 사정으로 인해 추가 물량 확보가 불가능한 상태입니다.',to_date('2023/11/01','YYYY/MM/DD'),to_date('2023/11/01','YYYY/MM/DD'));
Insert into SHOESMARKET.INQUIRY_COMMENT (IQ_COMMENT_NUM,INQUIRY_NUM,CONTENTS,REG_DATE,MOD_DATE) values (4,63,'죄송합니다. 고객님 주문하신 상품들은 배송 준비가 완료되어 주문 취소가 불가능합니다.',to_date('2023/11/01','YYYY/MM/DD'),to_date('2023/11/01','YYYY/MM/DD'));
Insert into SHOESMARKET.INQUIRY_COMMENT (IQ_COMMENT_NUM,INQUIRY_NUM,CONTENTS,REG_DATE,MOD_DATE) values (5,62,'금요일에 주문하신 상품은 배송사의 상황에 따라 다르지만 월요일, 화요일에는 상품을 받아보실 수 있습니다.',to_date('2023/11/01','YYYY/MM/DD'),to_date('2023/11/01','YYYY/MM/DD'));
Insert into SHOESMARKET.INQUIRY_COMMENT (IQ_COMMENT_NUM,INQUIRY_NUM,CONTENTS,REG_DATE,MOD_DATE) values (7,59,'주문 취소는 배송 준비 완료된 상품은 불가능 합니다.',to_date('2023/11/01','YYYY/MM/DD'),to_date('2023/11/01','YYYY/MM/DD'));
REM INSERTING into SHOESMARKET.ITEM
SET DEFINE OFF;
Insert into SHOESMARKET.ITEM (ITEM_NUM,NAME,PRICE,STOCK,IMAGE_PATH,ITEM_DETAIL,REG_DATE,MOD_DATE,BRAND,ITEM_STATUS) values (19,'가젤',129000,30,'img/가젤.png','클래식 로우 프로파일 스타일. 축구화로 태어나 아이코닉한 스트리트웨어로 진화한 아디다스 가젤을 만나보세요. 큰 사랑을 받은 1991년 모델과 동일한 소재와 컬러, 살짝 넓어진 비율을 담아낸 버전입니다. 누버크 갑피가 매끈한 감촉과 부드러운 착용감을 선사합니다.',to_date('2023/10/27','YYYY/MM/DD'),to_date('2023/11/01','YYYY/MM/DD'),'아디다스','Y');
Insert into SHOESMARKET.ITEM (ITEM_NUM,NAME,PRICE,STOCK,IMAGE_PATH,ITEM_DETAIL,REG_DATE,MOD_DATE,BRAND,ITEM_STATUS) values (21,'운동화(테스트)',35000,44,'img/WL996TM2.png','수정',to_date('2023/10/31','YYYY/MM/DD'),to_date('2023/10/31','YYYY/MM/DD'),'뉴발란스','N');
Insert into SHOESMARKET.ITEM (ITEM_NUM,NAME,PRICE,STOCK,IMAGE_PATH,ITEM_DETAIL,REG_DATE,MOD_DATE,BRAND,ITEM_STATUS) values (23,'아딜렛 22',69000,32,'img/아딜렛 221.png','"우주에 슬라이드가 있다면 어떤 모습일까" 라는 상상력을 바탕으로 탄생한 새로운 아딜렛 슬라이드를 만나보세요. 3D 지형도와 인류의 화성 탐사에서 영감을 얻어 중력을 초월하는 초현대적 디자인 디테일을 선보입니다. 맞춘 듯한 풋베드와 부드러운 고무 아웃솔이 샤워실부터 스트리트까지 언제 어디서나 완벽한 편안함을 제공합니다.',to_date('2023/10/31','YYYY/MM/DD'),to_date('2023/11/01','YYYY/MM/DD'),'아디다스','Y');
Insert into SHOESMARKET.ITEM (ITEM_NUM,NAME,PRICE,STOCK,IMAGE_PATH,ITEM_DETAIL,REG_DATE,MOD_DATE,BRAND,ITEM_STATUS) values (24,'MR530KA',129000,37,'img/MR530KA.png','메탈릭 포인트와 레토르 무드의 오프화이트 미드솔 컬러 조합으로 패션웨어부터 라이프 스타일까지 어디에서나 사랑받는 뉴발란스 스테디 셀러 
',to_date('2023/10/31','YYYY/MM/DD'),to_date('2023/11/01','YYYY/MM/DD'),'뉴발란스','Y');
Insert into SHOESMARKET.ITEM (ITEM_NUM,NAME,PRICE,STOCK,IMAGE_PATH,ITEM_DETAIL,REG_DATE,MOD_DATE,BRAND,ITEM_STATUS) values (9,'그라다스',79000,30,'img/그라다스.png','adidas Ozweego 신발은 운동화가 가져야 할 편안함을 갖춘 신선한 스타일 덕분에 90년대 후반 모든 사람의 시선을 사로잡았습니다. 미래를 내다보는 관점으로 현대 생활에 맞게 제작된 다음 버전을 만나보세요. 메탈릭 오버레이와 투톤 컬러가 이 신발에 빠르고 역동적인 룩을 선사하며, 발에 따라 유연하게 구부러지는 메쉬 갑피를 강조합니다. 플러시 Adiplus 쿠셔닝도 미래처럼 느껴집니다. 당신의 미래는 당신의 것입니다. 일련의 재활용 소재로 제작된 이 갑피는 최소 50%의 재활용 소재를 함유하고 있습니다. 이 제품은 플라스틱 폐기물을 없애기 위한 우리의 솔루션 중 하나일 뿐입니다.
',to_date('2023/10/25','YYYY/MM/DD'),to_date('2023/11/01','YYYY/MM/DD'),'아디다스','Y');
Insert into SHOESMARKET.ITEM (ITEM_NUM,NAME,PRICE,STOCK,IMAGE_PATH,ITEM_DETAIL,REG_DATE,MOD_DATE,BRAND,ITEM_STATUS) values (10,'운동화10',20000,10,'img/shoes43.png','운동화10 설명문',to_date('2023/10/25','YYYY/MM/DD'),to_date('2023/10/25','YYYY/MM/DD'),'컨버스','N');
Insert into SHOESMARKET.ITEM (ITEM_NUM,NAME,PRICE,STOCK,IMAGE_PATH,ITEM_DETAIL,REG_DATE,MOD_DATE,BRAND,ITEM_STATUS) values (11,'듀라모 SL 맨 와이드',89000,30,'img/듀라모 SL 맨 와이드.png','아디다스 삼바는 지금까지 수십 년 동안 3-스트라이프스의 DNA의 일부로 계속되어왔습니다. 축구의 영역을 벗어나 수많은 서브컬쳐나 패셔니스타들에게 영향을 주어 온 클래식한 실루엣입니다. 이번 시즌 모델은 일찍이 1개월간의 독특한 레일 패스 프로그램에서 전세계 모험가가 유럽의 21개국을 탐험한 70년대를 나타내는 모델입니다. 이 편안한 클래식 신발을 신고 세련된 다음 모험으로 향해보세요.',to_date('2023/10/25','YYYY/MM/DD'),to_date('2023/11/01','YYYY/MM/DD'),'아디다스','Y');
Insert into SHOESMARKET.ITEM (ITEM_NUM,NAME,PRICE,STOCK,IMAGE_PATH,ITEM_DETAIL,REG_DATE,MOD_DATE,BRAND,ITEM_STATUS) values (12,'운동화12',22000,12,'img/shoes33.png','운동화12 설명문',to_date('2023/10/25','YYYY/MM/DD'),to_date('2023/10/25','YYYY/MM/DD'),'뉴발란스','N');
Insert into SHOESMARKET.ITEM (ITEM_NUM,NAME,PRICE,STOCK,IMAGE_PATH,ITEM_DETAIL,REG_DATE,MOD_DATE,BRAND,ITEM_STATUS) values (13,'런팔콘 3.0 와이드',79000,30,'img/런팔콘 3.0 와이드.png','아카이브 디자인에 뿌리를 두고 모던하게 변신한 아디다스 가젤 볼드를 만나보세요. 세 개의 층으로 구성된 두툼한 검 러버 플랫폼 아웃솔에 뒤꿈치를 따라 레이어드된 브랜드 로고, 절제된 그라인데이션 컬러와 같은 깔끔한 디테일이 담겨 있습니다. 스웨이드 갑피의 토널 액센트와 대비색상 3-스트라이프가 대담하면서도 세련된 룩을 살려줍니다. 시대를 초월한 헤리티지에 기반한 혁신적인 스타일을 통해 신발장에 꼭 있어야 할 스니커즈를 선보입니다.',to_date('2023/10/25','YYYY/MM/DD'),to_date('2023/11/01','YYYY/MM/DD'),'아디다스','Y');
Insert into SHOESMARKET.ITEM (ITEM_NUM,NAME,PRICE,STOCK,IMAGE_PATH,ITEM_DETAIL,REG_DATE,MOD_DATE,BRAND,ITEM_STATUS) values (14,'운동화14',24000,14,'img/shoes21.png','운동화14 설명문',to_date('2023/10/25','YYYY/MM/DD'),to_date('2023/10/26','YYYY/MM/DD'),'아디다스','N');
Insert into SHOESMARKET.ITEM (ITEM_NUM,NAME,PRICE,STOCK,IMAGE_PATH,ITEM_DETAIL,REG_DATE,MOD_DATE,BRAND,ITEM_STATUS) values (15,'런팔콘 3.0 와이드',79000,27,'img/런팔콘 3.0 와이드1.png','아카이브 디자인에 뿌리를 두고 모던하게 변신한 아디다스 가젤 볼드를 만나보세요. 세 개의 층으로 구성된 두툼한 검 러버 플랫폼 아웃솔에 뒤꿈치를 따라 레이어드된 브랜드 로고, 절제된 그라인데이션 컬러와 같은 깔끔한 디테일이 담겨 있습니다. 스웨이드 갑피의 토널 액센트와 대비색상 3-스트라이프가 대담하면서도 세련된 룩을 살려줍니다. 시대를 초월한 헤리티지에 기반한 혁신적인 스타일을 통해 신발장에 꼭 있어야 할 스니커즈를 선보입니다.',to_date('2023/10/25','YYYY/MM/DD'),to_date('2023/11/01','YYYY/MM/DD'),'아디다스','N');
Insert into SHOESMARKET.ITEM (ITEM_NUM,NAME,PRICE,STOCK,IMAGE_PATH,ITEM_DETAIL,REG_DATE,MOD_DATE,BRAND,ITEM_STATUS) values (2,'슈퍼스타 cf 칠드런',89000,30,'img/슈퍼스타 씨에프 칠드런.png','베이 스테이트에의 오마쥬를 담은 이 로우 컷 슈즈는, 스토리성이 있는 색채의 라기드인 스웨이드 어퍼에, 매사추세츠주의 바다 사랑을 상징하는 슈탄 로고를 조합한 디자인입니다. 그립력과 내구성이 뛰어난 껌 고무 아웃 구두창을 활용하였습니다. 깔창 아래에 숨겨진 그래픽을 다루고 있습니다.',to_date('2023/10/25','YYYY/MM/DD'),to_date('2023/11/01','YYYY/MM/DD'),'아디다스','Y');
Insert into SHOESMARKET.ITEM (ITEM_NUM,NAME,PRICE,STOCK,IMAGE_PATH,ITEM_DETAIL,REG_DATE,MOD_DATE,BRAND,ITEM_STATUS) values (16,'퍼피렛',89000,30,'img/퍼피렛.png','이제껏 본 적 없는 새로움. 아딜렛의 아이코닉한 디자인을 새로운 차원으로 진화시킨 아디다스 퍼피렛 슈즈는 클래식 슬라이드의 편안함이 그대로 담긴 대담하고 신선한 실루엣을 선보입니다. 단열 프리마로프트® 충전재가 따뜻하게 발을 감싸며 아늑하고 기분 좋은 착용감을 제공합니다. EVA 미드솔과 아웃솔이 결합된 일체형 구조로 모든 발걸음을 부드럽게 받쳐줍니다. 눈과 비에 신발이 젖지 않도록 보호하는 발수 코팅을 더해 쌀쌀한 계절을 자신 있게 맞이할 수 있습니다.',to_date('2023/10/25','YYYY/MM/DD'),to_date('2023/11/01','YYYY/MM/DD'),'아디다스','Y');
Insert into SHOESMARKET.ITEM (ITEM_NUM,NAME,PRICE,STOCK,IMAGE_PATH,ITEM_DETAIL,REG_DATE,MOD_DATE,BRAND,ITEM_STATUS) values (17,'캠퍼스 00S',139000,22,'img/캠퍼스 00S.png','캠퍼스 80s의 아이코닉한 디자인을 기반으로 미래적 감성의 보드화 스타일을 선보이는 아디다스 스니커즈를 만나보세요. 시간이 갈수록 더 부드럽게 밀착되는 소재로 잘 알려진 견고한 스웨이드를 사용해 강화된 내구성과 안정적인 착지감을 제공합니다. 새롭게 업데이트된 컬러블록과 그래픽, 로고가 조화를 이루며 다음 세대를 위해 재탄생한 캠퍼스의 신선한 룩을 선사합니다.',to_date('2023/10/25','YYYY/MM/DD'),to_date('2023/11/01','YYYY/MM/DD'),'아디다스','Y');
Insert into SHOESMARKET.ITEM (ITEM_NUM,NAME,PRICE,STOCK,IMAGE_PATH,ITEM_DETAIL,REG_DATE,MOD_DATE,BRAND,ITEM_STATUS) values (18,'운동화18',28000,28,'img/shoes45.png','운동화18 설명문',to_date('2023/10/25','YYYY/MM/DD'),to_date('2023/10/25','YYYY/MM/DD'),'컨버스','N');
Insert into SHOESMARKET.ITEM (ITEM_NUM,NAME,PRICE,STOCK,IMAGE_PATH,ITEM_DETAIL,REG_DATE,MOD_DATE,BRAND,ITEM_STATUS) values (28,'ML408V',79000,16,'img/ML408V.png','여름을 맞이하는 쿨톤의 색상이 매력적인 모델입니다. 오묘한 어퍼톤으로 클래식과 깔끔한 무드 모두 연출이 가능합니다.',to_date('2023/10/31','YYYY/MM/DD'),to_date('2023/11/01','YYYY/MM/DD'),'뉴발란스','Y');
Insert into SHOESMARKET.ITEM (ITEM_NUM,NAME,PRICE,STOCK,IMAGE_PATH,ITEM_DETAIL,REG_DATE,MOD_DATE,BRAND,ITEM_STATUS) values (29,'PH327RE',79000,45,'img/PH327RE1.png','23년 FAV 신상품 입니다. 70년 조거 쉐입을 현대적으로 재해석하여 탄생한 327 의 키즈 버전 입니다 뉴발란스의 헤리티지 모델인 320, 슈퍼콤프 등에서 영감받은 어퍼 디자인과 임팩트 있는 미드솔이 특징입니다. 묶을 필요 없는 엘라스틱 신끈이 사용되어 클래식함은 유지하면서도 아이가 신고 벗기 편안합니다. 꾸준한 사랑을 받는 블랙과 씨솔트 코어 컬러로 베스트 상품 캐리오버 되었습니다.
',to_date('2023/10/31','YYYY/MM/DD'),to_date('2023/11/01','YYYY/MM/DD'),'뉴발란스','Y');
Insert into SHOESMARKET.ITEM (ITEM_NUM,NAME,PRICE,STOCK,IMAGE_PATH,ITEM_DETAIL,REG_DATE,MOD_DATE,BRAND,ITEM_STATUS) values (31,'test',55,55,'img/가젤 볼드 W1.jpg','55',to_date('2023/10/31','YYYY/MM/DD'),to_date('2023/10/31','YYYY/MM/DD'),'아디다스','N');
Insert into SHOESMARKET.ITEM (ITEM_NUM,NAME,PRICE,STOCK,IMAGE_PATH,ITEM_DETAIL,REG_DATE,MOD_DATE,BRAND,ITEM_STATUS) values (20,'슈퍼스타 82',149000,30,'img/슈퍼스타 823.png','친환경 재생 소재가 함유된 러버 쉘토 슈즈
80년대의 아카이브 슈즈를 부활시킨 아디다스 슈퍼스타 82를 만나보세요. 오리지널 모델을 거의 완벽하게 재현하고 현대적인 터치를 가미하여 과거의 재탄생을 선보입니다. 한눈에 알아볼 수 있는 아이코닉한 디자인에 1982년 버전과 동일한 비율과 형태, 디테일이 담겨 있습니다. 80년대와 90년대 농구화에서 영감을 얻은 설포가 빈티지 룩을 선사합니다. 반짝이는 금박 트레포일 로고가 럭셔리한 마무리를 더해줍니다. 무광 스웨이드 3-스트라이프와 힐 탭, 프리미엄 가죽 갑피가 조화를 이루며 세련된 클래식 스타일을 완성합니다.',to_date('2023/10/27','YYYY/MM/DD'),to_date('2023/11/01','YYYY/MM/DD'),'아디다스','Y');
Insert into SHOESMARKET.ITEM (ITEM_NUM,NAME,PRICE,STOCK,IMAGE_PATH,ITEM_DETAIL,REG_DATE,MOD_DATE,BRAND,ITEM_STATUS) values (22,'스피리테인 2000',119000,30,'img/스피리테인 2000.png','이 아디다스 러닝화에 끈을 매는 것은 그것을 더 쉽게 만들고 그 이후의 모든 단계가 편안하도록 만들어줍니다.
발뒤꿈치 아래 포모션이 적용된 쿠션이 있는 미드솔은 모든 활동에 매끄러운 착용감을 선사해, 조금 더 멀리 밀치고 조금 더 빠르게 갈 수 있도록 도와줍니다.일부 재활용 소재로 제작된 이 상부는 50% 이상의 재활용 소재가 특징입니다. 이 제품은 플라스틱 폐기물 처리를 지원하는 아디다스의 솔루션 중 하나입니다.',to_date('2023/10/31','YYYY/MM/DD'),to_date('2023/11/01','YYYY/MM/DD'),'아디다스','Y');
Insert into SHOESMARKET.ITEM (ITEM_NUM,NAME,PRICE,STOCK,IMAGE_PATH,ITEM_DETAIL,REG_DATE,MOD_DATE,BRAND,ITEM_STATUS) values (25,'WL996TM2',119000,43,'img/WL996TM21.png','2019년 출시된 WL996TM2 모델은 MIUS 996(1988)의 실루엣과 요소를 내려받아 아시아에서 생산함으로 좀 더 합리적인 가격으로 996을 제안하였습니다 실루엣은 ''SL-1'' LAST를 사용하여 특유의 슬림하고 아름다운 실루엣은 유지하였고 어퍼는 돈피 스웨이드를 사용하여 고급스럽고 부드러운 착화감을 제공합니다 미드솔은 M.C.D(모션컨트콜디바이스)힐컵과 C-CAP(씨캡) 쿠셔닝 기술이 적용되어 안정적이며 경량의 쿠션감을 제공합니다',to_date('2023/10/31','YYYY/MM/DD'),to_date('2023/11/01','YYYY/MM/DD'),'뉴발란스','Y');
Insert into SHOESMARKET.ITEM (ITEM_NUM,NAME,PRICE,STOCK,IMAGE_PATH,ITEM_DETAIL,REG_DATE,MOD_DATE,BRAND,ITEM_STATUS) values (32,'SD1101GBW',29000,30,'img/SD1101GBW.png','가벼운 슬라이드를 원하는 분들을 위한 SD1101GBW NB탄성 슬라이드는 탄성쿠셔닝 기능성을 가진 소재가 사용되어 편안한 쿠셔닝뿐만 아니라, 보행시 편안한 발구름을 지지',to_date('2023/11/01','YYYY/MM/DD'),to_date('2023/11/01','YYYY/MM/DD'),'뉴발란스','Y');
Insert into SHOESMARKET.ITEM (ITEM_NUM,NAME,PRICE,STOCK,IMAGE_PATH,ITEM_DETAIL,REG_DATE,MOD_DATE,BRAND,ITEM_STATUS) values (33,'WX452SR',109000,30,'img/WX452SR1.png','90년대 트레이닝 카테고리의 WX452 모델을 재해석해 개발된 트레이닝화 제품으로, 베이직하며 트렌디한 컬러웨이로 다양한 고객에게 인기가 많아 스테티셀러 모델로 자리잡았습니다 풀 신세틱 레더 소재가 사용된 452 특유의 베스트 모델인 SR, KO1 스타일 뿐 아니라 메쉬 소재가 믹스되어, 통기성이 좋은 XA, XB 모델의 캐리오버를 추가하여 선택의 폭을 화장하였습니다',to_date('2023/11/01','YYYY/MM/DD'),to_date('2023/11/01','YYYY/MM/DD'),'뉴발란스','Y');
Insert into SHOESMARKET.ITEM (ITEM_NUM,NAME,PRICE,STOCK,IMAGE_PATH,ITEM_DETAIL,REG_DATE,MOD_DATE,BRAND,ITEM_STATUS) values (34,'MT410CK5',99000,30,'img/MT410CK5.png','1985년 뉴발란스 리더쉽팀은 *Sugarloaf Mountain에서 진행된 워크샵 일과 중 오두막 근처의 숲을 매일 달리기로 하였습니다 매일 러닝을 하면서 오프로드 달리기의 불편함을 깨닫고 오프로드 달리기에 적합한 안정성을 극대화한 신발 디자인의 필요성을 깨닫고 M565를 개발 하였습니다 이렇게 개발되었었던 뉴발란스의 트레일 러닝화들은 기능적 요소였던 신발의 디자인들이 패션시장에서 각광받았고 410 V5가 그 대표적인 트레일 러닝화입니다 기능적으로도 심미적으로도 뛰어난 410 V5를 신고 오프로드를 즐겨보세요',to_date('2023/11/01','YYYY/MM/DD'),to_date('2023/11/01','YYYY/MM/DD'),'뉴발란스','Y');
Insert into SHOESMARKET.ITEM (ITEM_NUM,NAME,PRICE,STOCK,IMAGE_PATH,ITEM_DETAIL,REG_DATE,MOD_DATE,BRAND,ITEM_STATUS) values (35,'W480KR5',99000,28,'img/W480KR5.png','러닝 테크놀로지가 발전함에 따라 새로운 러닝화들이 지속적으로 출시되고 있고 러너들은 새로운 테크놀로지에 열광합니다 현재 많은 패션인들에게 사랑받고 있는 신발들중에는 과거 러너들이 트랙 위에서, 오프로드의 주로에서 신고 뛰던 러닝화들이 많습니다 과거에는 480 V5도 풍부한 쿠셔닝을 제공하여 러너들의 사랑을 받았던 러닝화였습니다 지금은 스타일리쉬한 디자인과 뛰어난 착화감으로 많은 패션인들의 선택을 받고 있습니다 480 V5를 통해 뛰어난 쿠셔닝과 함께 멋진 일상을 꾸며 보세요',to_date('2023/11/01','YYYY/MM/DD'),to_date('2023/11/01','YYYY/MM/DD'),'뉴발란스','Y');
Insert into SHOESMARKET.ITEM (ITEM_NUM,NAME,PRICE,STOCK,IMAGE_PATH,ITEM_DETAIL,REG_DATE,MOD_DATE,BRAND,ITEM_STATUS) values (36,'MT410SA5',99000,30,'img/MT410SA5.png','트레일/아웃도어 트랜드 무드의 일상/패션용 타겟 모델 410 V5입니다 갑피: 메쉬 어퍼로 경량성과 통기성이 좋습니다 중창: 가벼우면서도 충격을 고르게 분산하여 주는 Acteva 미드솔을 사용하였으며 내구성 또한 좋아 오프로드 주행에 적합합니다',to_date('2023/11/01','YYYY/MM/DD'),to_date('2023/11/01','YYYY/MM/DD'),'아디다스','Y');
Insert into SHOESMARKET.ITEM (ITEM_NUM,NAME,PRICE,STOCK,IMAGE_PATH,ITEM_DETAIL,REG_DATE,MOD_DATE,BRAND,ITEM_STATUS) values (37,'MT580RCB',159000,28,'img/MT580RCB.png','그레이 베이스에 네이비 컬러 조합으로 클래식 조거의 대표 코어 컬러 계열이 사용됐습니다. M585 OG 모델을 베이스로 하여 디자인 되어 스트릿함을 줄이고 클래식하고 고급스러운 분위기 극대화했습니다 기술적으로는 미드솔에 ROLLBAR(콜바)를 탑재하여 견고하고 안정감있는 착화감을 제공합니다',to_date('2023/11/01','YYYY/MM/DD'),to_date('2023/11/01','YYYY/MM/DD'),'뉴발란스','Y');
Insert into SHOESMARKET.ITEM (ITEM_NUM,NAME,PRICE,STOCK,IMAGE_PATH,ITEM_DETAIL,REG_DATE,MOD_DATE,BRAND,ITEM_STATUS) values (38,'척테일러 올스타',59000,30,'img/척테일러 올스타.png','오랫동안 사랑 받아 온 컨버스의 베스트 셀러로, 컨버스만의 오리지널리티를 살린 디자인이 돋보입니다. 발을 편안하게 감싸주는 캔버스 소재에 클래식 올스타 앵클 패치가 부착되어 있습니다. 클래식한 컬러로 출시 되었습니다.',to_date('2023/11/01','YYYY/MM/DD'),to_date('2023/11/01','YYYY/MM/DD'),'컨버스','Y');
Insert into SHOESMARKET.ITEM (ITEM_NUM,NAME,PRICE,STOCK,IMAGE_PATH,ITEM_DETAIL,REG_DATE,MOD_DATE,BRAND,ITEM_STATUS) values (39,'척테일러 올스타 무브',85000,30,'img/척테일러 올스타 무브.png','아이코닉한 척테일러 실루엣에 포물선을 그리는 디자인의 가벼운 플랫폼솔을 적용한 척테일러 올스타 무브가 로우 실루엣으로 출시됩니다. 과감한 디자인에 풍부한 개성, 그리고 가벼운 무게의 신개념 경량 플랫폼 스니커즈를 만나보세요.',to_date('2023/11/01','YYYY/MM/DD'),to_date('2023/11/01','YYYY/MM/DD'),'컨버스','Y');
Insert into SHOESMARKET.ITEM (ITEM_NUM,NAME,PRICE,STOCK,IMAGE_PATH,ITEM_DETAIL,REG_DATE,MOD_DATE,BRAND,ITEM_STATUS) values (40,'척 70 빈티지 캔버스',95000,30,'img/척 70 빈티지 캔버스1.png','낙천적인 톤의 자연스러운 컬러와 견고한 12oz의 빈티지 캔버스를 사용하여 프리미엄 척 70을 업그레이드 했습니다. 업그레이드 된 척 70은 1970년대 척의 최고 디테일 요소에 나무랄 데 없이 훌륭한 장인정신과 프리미엄 소재의 혼합으로 완성되었습니다. 세련된 스타일 아이콘에 쿠셔닝을 더해 하루종일 편안하게 착용이 가능합니다.',to_date('2023/11/01','YYYY/MM/DD'),to_date('2023/11/01','YYYY/MM/DD'),'컨버스','Y');
Insert into SHOESMARKET.ITEM (ITEM_NUM,NAME,PRICE,STOCK,IMAGE_PATH,ITEM_DETAIL,REG_DATE,MOD_DATE,BRAND,ITEM_STATUS) values (41,'척 테일러 올스타 리프트',79000,30,'img/척 테일러 올스타 리프트.png','척테일러 리프트 제품은 컨버스의 전설적인 모델인 척테일러 올스타를 탈바꿈시켰습니다. 아이코닉한 척테일러 디자인을 바탕으로 더블 스택솔을 적용했습니다. 오솔라이트 안창 및 캔버스 갑피는 편안한 착화감을 제공합니다.
',to_date('2023/11/01','YYYY/MM/DD'),to_date('2023/11/01','YYYY/MM/DD'),'컨버스','Y');
Insert into SHOESMARKET.ITEM (ITEM_NUM,NAME,PRICE,STOCK,IMAGE_PATH,ITEM_DETAIL,REG_DATE,MOD_DATE,BRAND,ITEM_STATUS) values (42,'척 70 지퍼 힐',119000,30,'img/척 70 지퍼 힐.png','뒤축에 지퍼가 있어서 이전보다 더 빠르게 다닐 수 있는 프리미엄 척 스니커즈입니다. 내구성이 강한 프리미엄 그레인 레더는 어떤 옷과 매칭해도 스타일이 업그레이드 됩니다. 2개의 슈레이스로 스타일링에 변화를 꾀할 수 있습니다. 어떤 결과물이 될지 궁금합니다.',to_date('2023/11/01','YYYY/MM/DD'),to_date('2023/11/01','YYYY/MM/DD'),'컨버스','Y');
Insert into SHOESMARKET.ITEM (ITEM_NUM,NAME,PRICE,STOCK,IMAGE_PATH,ITEM_DETAIL,REG_DATE,MOD_DATE,BRAND,ITEM_STATUS) values (43,'척 70 클래식',95000,30,'img/척 70 클래식1.png','컨버스 스테디셀러 척 70 빈티지 캔버스 제품은 아이코닉한 디자인과 빈티지한 매력을 선보입니다. 척 70의 디테일은 현대적으로 재해석하여 스니커즈의 미드솔은 더욱 두툼하고 견고해졌으며, 전체적인 실루엣은 세련된 곡선이 더해져 더욱 모던한 스트릿 무드를 선사합니다.',to_date('2023/11/01','YYYY/MM/DD'),to_date('2023/11/01','YYYY/MM/DD'),'컨버스','Y');
Insert into SHOESMARKET.ITEM (ITEM_NUM,NAME,PRICE,STOCK,IMAGE_PATH,ITEM_DETAIL,REG_DATE,MOD_DATE,BRAND,ITEM_STATUS) values (44,'척테일러 올스타 하이',75000,30,'img/척테일러 올스타 하이1.png','오랫동안 사랑 받아 온 컨버스의 베스트 셀러로, 컨버스만의 오리지널리티를 살린 디자인이 돋보입니다. 발을 편안하게 감싸주는 캔버스 소재에 클래식 올스타 앵클 패치가 부착되어 있습니다. 클래식한 컬러로 출시 되었습니다.
',to_date('2023/11/01','YYYY/MM/DD'),to_date('2023/11/01','YYYY/MM/DD'),'컨버스','Y');
Insert into SHOESMARKET.ITEM (ITEM_NUM,NAME,PRICE,STOCK,IMAGE_PATH,ITEM_DETAIL,REG_DATE,MOD_DATE,BRAND,ITEM_STATUS) values (45,'척테일러 플랫폼 하이',85000,30,'img/척테일러 올스타 리프트 플랫폼 하이.png','어느 아이템과 매칭하든 활기를 띠게 만드는, 시선을 끄는 색조로 업데이트 된 아이코닉한 플랫폼 스니커즈입니다. 모든 시그니처 척테일러 디자인 요소들이 빠짐없이 구성되고, 스택 플랫폼 솔을 더하 여더 높아집니다. 어디서든 당당하게 돋보입니다.',to_date('2023/11/01','YYYY/MM/DD'),to_date('2023/11/01','YYYY/MM/DD'),'컨버스','Y');
Insert into SHOESMARKET.ITEM (ITEM_NUM,NAME,PRICE,STOCK,IMAGE_PATH,ITEM_DETAIL,REG_DATE,MOD_DATE,BRAND,ITEM_STATUS) values (46,'척 70 AT-CX 하이',119000,30,'img/척 70 AT-CX 퓨처 컴포트 하이.png','최고의 스니커즈가 미래의 스타일 아이콘으로 변신한 척70 AT-CX는 전에 없던 수준으로 업그레이드 됩니다. 코튼 캔버스 어퍼와 텅은 두툼한 청키 CX 폼 미드솔과 삭 라이너로 인해 높이는 높아지지만, 굉장히 편안합니다. 스타 앵클 패치, 알루미늄 아일릿, 코튼 슈레이스 같은 클래식 척70 디테일 요소들로 헤리티지 룩을 유지하면서, 다이아몬드 러기드 아웃솔로 트랙션이 증가합니다.
',to_date('2023/11/01','YYYY/MM/DD'),to_date('2023/11/01','YYYY/MM/DD'),'컨버스','Y');
Insert into SHOESMARKET.ITEM (ITEM_NUM,NAME,PRICE,STOCK,IMAGE_PATH,ITEM_DETAIL,REG_DATE,MOD_DATE,BRAND,ITEM_STATUS) values (47,'올스타 쇼어라인',69000,30,'img/척테일러 올스타 쇼어라인.png','신축성 좋은 고무줄 적용되어 신고 벗기가 편리하면서도 착화감이 뛰어난 척테일러 올스타 쇼어라인을 선보입니다. 기존의 척테일러보다 아일렛 수가 적어 귀여운 느낌을 주면서도 아이코닉한 실루엣을 적용해 심플한 무드를 유지합니다.',to_date('2023/11/01','YYYY/MM/DD'),to_date('2023/11/01','YYYY/MM/DD'),'컨버스','Y');
Insert into SHOESMARKET.ITEM (ITEM_NUM,NAME,PRICE,STOCK,IMAGE_PATH,ITEM_DETAIL,REG_DATE,MOD_DATE,BRAND,ITEM_STATUS) values (48,'토리 SD',99000,30,'img/토리 SD1.png','푸마와 립앤딥의 컬래버레이션으로 탄생한 이번 컬렉션은 클래식한 푸마의 실루엣에 립앤딥을 상징하는 고양이가 더해져 새로운 룩을 제안합니다.',to_date('2023/11/01','YYYY/MM/DD'),to_date('2023/11/01','YYYY/MM/DD'),'푸마','Y');
Insert into SHOESMARKET.ITEM (ITEM_NUM,NAME,PRICE,STOCK,IMAGE_PATH,ITEM_DETAIL,REG_DATE,MOD_DATE,BRAND,ITEM_STATUS) values (49,'스커프',49000,30,'img/푸마 스커프2.png','푸마 스커프 슬리퍼는 퀼팅 처리된 나일론 갑피와 플리스 안감으로 보온성을 유지합니다. 또한 미끄럼 방지 고무 밑창과 신고 벗기 편리한 힐루프는 야외에서도 편안하고 패셔너블함을 연출할 수 있습니다.',to_date('2023/11/01','YYYY/MM/DD'),to_date('2023/11/01','YYYY/MM/DD'),'푸마','Y');
Insert into SHOESMARKET.ITEM (ITEM_NUM,NAME,PRICE,STOCK,IMAGE_PATH,ITEM_DETAIL,REG_DATE,MOD_DATE,BRAND,ITEM_STATUS) values (50,'스웨이드 트레일 레이스',99000,30,'img/스웨이드 트레일 레이스.png','푸마 스웨이드는 1968년에 스니커즈 시장에 히트를 했고 이후로 스니커즈판에 많은 변화를 주었습니다. 그 이후로 많은 스니커즈들이 새로 등장했다가 사라지는 동안 스웨이드는 사회와 문화에 뿌리 깊은 영향을 미치는 스니커즈로 발전하였습니다.
',to_date('2023/11/01','YYYY/MM/DD'),to_date('2023/11/01','YYYY/MM/DD'),'푸마','Y');
Insert into SHOESMARKET.ITEM (ITEM_NUM,NAME,PRICE,STOCK,IMAGE_PATH,ITEM_DETAIL,REG_DATE,MOD_DATE,BRAND,ITEM_STATUS) values (51,'푸마 케이븐',99000,30,'img/푸마 케이븐1.png','푸마의 시그니처 트랙 수트인 T7은 7센치 너비의 사이드 패널에서 유래된 이름으로 60년대부터 많은 사랑을 받아온 아이코닉한 아이템입니다.',to_date('2023/11/01','YYYY/MM/DD'),to_date('2023/11/01','YYYY/MM/DD'),'푸마','Y');
Insert into SHOESMARKET.ITEM (ITEM_NUM,NAME,PRICE,STOCK,IMAGE_PATH,ITEM_DETAIL,REG_DATE,MOD_DATE,BRAND,ITEM_STATUS) values (52,'테버리스 나이트로',109000,30,'img/테버리스 나이트로.png','푸마의 테버리스 나이트로는 2000년대 러닝 레인지에서 영감을 받은 스니커즈로 일상생활과 함께 레저활동까지 즐길 수 있습니다. 더 편안한 러닝을 위해 미드솔에 니트로 기술을 접목하였으며 스웨이드 오버레이가 있는 메쉬 갑피가 특징입니다.
',to_date('2023/11/01','YYYY/MM/DD'),to_date('2023/11/01','YYYY/MM/DD'),'푸마','Y');
Insert into SHOESMARKET.ITEM (ITEM_NUM,NAME,PRICE,STOCK,IMAGE_PATH,ITEM_DETAIL,REG_DATE,MOD_DATE,BRAND,ITEM_STATUS) values (53,'바리 뮬 벨크로',49000,30,'img/바리 뮬 벨크로1.png','푸마의 바리뮬 밸크로는 밸크로 디테일이 더해진 스니커즈에 뮬 실루엣으로 완성된 제품입니다.',to_date('2023/11/01','YYYY/MM/DD'),to_date('2023/11/01','YYYY/MM/DD'),'푸마','Y');
Insert into SHOESMARKET.ITEM (ITEM_NUM,NAME,PRICE,STOCK,IMAGE_PATH,ITEM_DETAIL,REG_DATE,MOD_DATE,BRAND,ITEM_STATUS) values (54,'로얄캣 컴포트',34000,30,'img/로얄캣 컴포트.png','우수한 쿠셔닝으로 최상의 편안함을 제공하는 슬라이드인 푸마의 로얄캣 컴포트는 몰딩 처리된 EVA 아웃솔과 풋베드로 최적의 쿠셔닝과 그립감을 제공합니다. 벨크로 형태의 클로저 타입으로 완벽한 핏을 더해줍니다.
',to_date('2023/11/01','YYYY/MM/DD'),to_date('2023/11/01','YYYY/MM/DD'),'푸마','Y');
Insert into SHOESMARKET.ITEM (ITEM_NUM,NAME,PRICE,STOCK,IMAGE_PATH,ITEM_DETAIL,REG_DATE,MOD_DATE,BRAND,ITEM_STATUS) values (55,'케이븐',79000,30,'img/케이븐.png','푸마의 시그니처 트랙 수트인 T7은 7센치 너비의 사이드 패널에서 유래된 이름으로 60년대부터 많은 사랑을 받아온 아이코닉한 아이템입니다.',to_date('2023/11/01','YYYY/MM/DD'),to_date('2023/11/01','YYYY/MM/DD'),'푸마','Y');
Insert into SHOESMARKET.ITEM (ITEM_NUM,NAME,PRICE,STOCK,IMAGE_PATH,ITEM_DETAIL,REG_DATE,MOD_DATE,BRAND,ITEM_STATUS) values (56,'오웬',63000,30,'img/오웬.png','오웬은 아이코닉한 사이드 스트라이프가 돋보이는 Vans의 클래식 스케이트 슈즈입니다. 로우탑 레이스업 구조를 바탕으로 견고한 캔버스 및 스웨이드 소재로 어퍼를 구성했습니다. 잦은 마찰을 견디도록 토캡 부분을 강화하고 칼라를 패딩 처리해서 지지력과 유연성을 제공합니다. Vans의 시그니처 고무 와플 아웃솔이 적용되었습니다.',to_date('2023/11/01','YYYY/MM/DD'),to_date('2023/11/01','YYYY/MM/DD'),'반스','Y');
Insert into SHOESMARKET.ITEM (ITEM_NUM,NAME,PRICE,STOCK,IMAGE_PATH,ITEM_DETAIL,REG_DATE,MOD_DATE,BRAND,ITEM_STATUS) values (57,'오버스 ss',39000,30,'img/오버스 ss.png','반스의 라 코스타 슬라이드온은 반스의 상징적인 체커보드 프린트와 부드러운 고무 및 신축성있는 안감이 합쳐진 스트랩이 특징입니다. 울트라쿠시 풋베드로 하루종일 편안한 착용감을 제공합니다.',to_date('2023/11/01','YYYY/MM/DD'),to_date('2023/11/01','YYYY/MM/DD'),'반스','Y');
Insert into SHOESMARKET.ITEM (ITEM_NUM,NAME,PRICE,STOCK,IMAGE_PATH,ITEM_DETAIL,REG_DATE,MOD_DATE,BRAND,ITEM_STATUS) values (58,'슬립 ER 2',55000,30,'img/슬립 ER 2.png','반스의 클래식 슬립온에서 영감을 받은 새로운 체커보드 Slip-er 2는 반스의 아이코닉한 체커보드 프린트 갑피, 부드러운 폼, 울트라쿠시 안창이 적용된 슬립온으로 갑피에 스티치 디테일로 볼륨감이 느껴지는 형태가 더해졌습니다.',to_date('2023/11/01','YYYY/MM/DD'),to_date('2023/11/01','YYYY/MM/DD'),'반스','Y');
Insert into SHOESMARKET.ITEM (ITEM_NUM,NAME,PRICE,STOCK,IMAGE_PATH,ITEM_DETAIL,REG_DATE,MOD_DATE,BRAND,ITEM_STATUS) values (59,'올드 스쿨 플랫폼',89000,26,'img/올드 스쿨 플랫폼.png','반스의 올드스쿨 플랫폼은 클래식한 사이드 스트라이프 스케이트 신발에 견고한 캔버스 및 스웨이드 갑피, 잦은 마모를 견딜 수 있도록 강화된 토캡이 특징입니다. 또한, 유연성을 위해 패딩 처리된 칼라, 플랫폼 형태의 시그니처 고무 와플 밑창이 결합된 형태로 제작되었습니다.',to_date('2023/11/01','YYYY/MM/DD'),to_date('2023/11/01','YYYY/MM/DD'),'반스','Y');
Insert into SHOESMARKET.ITEM (ITEM_NUM,NAME,PRICE,STOCK,IMAGE_PATH,ITEM_DETAIL,REG_DATE,MOD_DATE,BRAND,ITEM_STATUS) values (60,'클래식 슬립온',69000,30,'img/클래식 슬립온.png','애너하임 팩토리 클래식 Slip-on 슬립온 98 DX는 캘리포니아주 애너하임 지역에 위치한 Vans의 첫 번째 공장을 기념하기 위해 만들어진 모델입니다. 오리지널 클래식 슬립온의 디테일을 계승함과 동시에 업그레이드된 오솔라이트(OrthoLite®) 삭라이너(Sockliners)로 모던하고 편안한 착용감을 더하였습니다. 오리지널 스타일 넘버와 컬러 팔레트, 당시 사용되었던 프린트 패턴과 같은 초창기 선보였던 오리지널 디테일, 높고 은은한 광택이 매력적인 폭싱 테이프, 오리지널 드릴 라이닝 웨이트, 견고한 캔버스 및 텍스타일 소재의 어퍼 등을 적용하여 룩을 완성하였습니다.',to_date('2023/11/01','YYYY/MM/DD'),to_date('2023/11/01','YYYY/MM/DD'),'반스','Y');
Insert into SHOESMARKET.ITEM (ITEM_NUM,NAME,PRICE,STOCK,IMAGE_PATH,ITEM_DETAIL,REG_DATE,MOD_DATE,BRAND,ITEM_STATUS) values (61,'어센틱 플랫폼',75000,30,'img/어센틱 플랫폼.png','Authentic 어센틱은 현재 Vans의 상징이 된 오리지널 로우탑 스타일에 견고한 캔버스 소재로 어퍼를 구성했으며, 올오버 프린트, 메탈 아일렛, 그리고 Vans의 시그니처 고무 와플 아웃솔이 적용되었습니다.',to_date('2023/11/01','YYYY/MM/DD'),to_date('2023/11/01','YYYY/MM/DD'),'반스','Y');
Insert into SHOESMARKET.ITEM (ITEM_NUM,NAME,PRICE,STOCK,IMAGE_PATH,ITEM_DETAIL,REG_DATE,MOD_DATE,BRAND,ITEM_STATUS) values (62,'스타일 36',85000,26,'img/스타일 36.png','스타일 36은 아이코닉한 사이드 스트라이프가 돋보이는 Vans의 클래식 스케이트 슈즈입니다. 로우탑 레이스업 구조를 바탕으로 견고한 캔버스 및 스웨이드 소재로 어퍼를 구성했습니다. 잦은 마찰을 견디도록 토캡 부분을 강화하고 칼라를 패딩 처리해서 지지력과 유연성을 제공합니다. Vans의 시그니처 고무 와플 아웃솔이 적용되었습니다.',to_date('2023/11/01','YYYY/MM/DD'),to_date('2023/11/01','YYYY/MM/DD'),'반스','Y');
Insert into SHOESMARKET.ITEM (ITEM_NUM,NAME,PRICE,STOCK,IMAGE_PATH,ITEM_DETAIL,REG_DATE,MOD_DATE,BRAND,ITEM_STATUS) values (63,'슬라이드 온',59000,30,'img/슬라이드 온.png','슬라이드 온은 바이오 EVA 폼을 50% 이상 사용해 제작한 이중 밀도 폼으로 온종일 편안함을 선사합니다.',to_date('2023/11/01','YYYY/MM/DD'),to_date('2023/11/01','YYYY/MM/DD'),'반스','Y');
Insert into SHOESMARKET.ITEM (ITEM_NUM,NAME,PRICE,STOCK,IMAGE_PATH,ITEM_DETAIL,REG_DATE,MOD_DATE,BRAND,ITEM_STATUS) values (64,'어센틱(그린)',75000,25,'img/어센틱.png','애너하임 팩토리 Authentic 어센틱 44 DX는 캘리포니아 주 애너하임에 위치한 Vans의 첫 번째 공장을 기념하기 위해 만들어진 모델입니다. 당시 어센틱이 가진 빈티지한 감성 위에 독자적으로 개발한 ULTRACUSH와 같은 현대적인 기술이 가미되어 한층 업그레이드된 착화감으로 하루종일 착용하고 있어도 편안함을 느낄수 있습니다. 어센틱 44 DX에는 오리지널 스타일 넘버와 컬러, 고광택의 폭싱 테이프, 코튼 소재의 신발끈 그리고 10oz의 무게감 있는 캔버스 원단이 사용되어 전반적으로 높은 완성도를 확인할 수 있으며, 반스만의 고무 와플 아웃솔로 지면과의 접지력을 최대화 하였습니다.',to_date('2023/11/01','YYYY/MM/DD'),to_date('2023/11/01','YYYY/MM/DD'),'반스','Y');
Insert into SHOESMARKET.ITEM (ITEM_NUM,NAME,PRICE,STOCK,IMAGE_PATH,ITEM_DETAIL,REG_DATE,MOD_DATE,BRAND,ITEM_STATUS) values (65,'스케이트 하이',99000,30,'img/스케이트 하이1.png','스케이트-하이는 클래식한 올드스쿨로부터 영감을 받은 전설적인 레이스업 하이탑 신발입니다. 내구성 강한 캔버스와 스웨이드 업퍼를 사용하였으며, 패드를 덧댄 발목 부위는 발목을 단단하게 받쳐주도록 만들어졌습니다. 그리고 반스 시그니쳐인 벌커나이즈드 와플 아웃솔로 구성되어 있습니다. 신발의 쿠션감과 내구성을 업그레이드 하시려면 반스의 스케이트-하이를 확인해보세요.
',to_date('2023/11/01','YYYY/MM/DD'),to_date('2023/11/01','YYYY/MM/DD'),'반스','Y');
Insert into SHOESMARKET.ITEM (ITEM_NUM,NAME,PRICE,STOCK,IMAGE_PATH,ITEM_DETAIL,REG_DATE,MOD_DATE,BRAND,ITEM_STATUS) values (66,'모픽 베이스',99000,30,'img/모픽 베이스.png','클라이드는 단순한 운동화 그 이상, 푸마 아카이브 모델입니다. 세계적인 농구선수인 월트 클라이드 프레이저를 위해 만들어진 운동화로서 패션, 문화, 농구 등의 헤리티지를 구현했습니다.',to_date('2023/11/01','YYYY/MM/DD'),to_date('2023/11/01','YYYY/MM/DD'),'푸마','Y');
Insert into SHOESMARKET.ITEM (ITEM_NUM,NAME,PRICE,STOCK,IMAGE_PATH,ITEM_DETAIL,REG_DATE,MOD_DATE,BRAND,ITEM_STATUS) values (67,'스커프 쉐르파',49000,23,'img/스커프 쉐르파.png','편안함과 패션을 선사하는 푸마 스커프 글로스는 어디를 가든 궁극의 편안함을 선사해 드립니다. 퀼트 나일론 윗부분은 부드러운 양털 같은 안감과 퓨마 웨빙이 옆을 가로지르는 슈퍼패딩과 함께 제공됩니다. 고무로 된 미끄럼 방지 아웃솔로 실루엣이 있어 실외는 물론 실외도 즐길 수 있습니다.',to_date('2023/11/01','YYYY/MM/DD'),to_date('2023/11/01','YYYY/MM/DD'),'반스','Y');
Insert into SHOESMARKET.ITEM (ITEM_NUM,NAME,PRICE,STOCK,IMAGE_PATH,ITEM_DETAIL,REG_DATE,MOD_DATE,BRAND,ITEM_STATUS) values (68,'핸드볼 스페지알',140000,30,'img/핸드볼 스페지알1.png','1979년의 가젤 인도어 트레이닝화를 되살린 이번 버전은 축구 팬과 인디 로커, 스니커즈 팬이 오랫동안 사랑해 온 클래식 디테일을 선보입니다. 견고한 가죽 안감으로 마무리된 부드러운 스웨이드 갑피 하단에 반투명 효과가 돋보이는 검 러버 아웃솔이 탑재되어 있습니다. 3-스트라이프와 금박 레터링이 아디다스만의 오리지널 룩을 완성합니다.',to_date('2023/11/01','YYYY/MM/DD'),to_date('2023/11/01','YYYY/MM/DD'),'아디다스','N');
Insert into SHOESMARKET.ITEM (ITEM_NUM,NAME,PRICE,STOCK,IMAGE_PATH,ITEM_DETAIL,REG_DATE,MOD_DATE,BRAND,ITEM_STATUS) values (69,'MR530PUT',109000,30,'img/시연.png','뉴발란스의 530 모델은 2003년 첫 출시되었던 런닝화 모델에서 시작,당대의 무드를 담은 과감한 디자인의 러닝 실루엣
',to_date('2023/11/01','YYYY/MM/DD'),to_date('2023/11/01','YYYY/MM/DD'),'뉴발란스','Y');
REM INSERTING into SHOESMARKET.NOTICE
SET DEFINE OFF;
Insert into SHOESMARKET.NOTICE (NOTICE_NUM,ADMIN_NUM,NOTICE_TITLE,CONTENTS,REG_DATE,MOD_DATE) values (6,999999999,'쇼핑몰 배송비 안내','배송비  안내사항입니다.

쇼핑몰 일반 배송비는 2,500원이며, 5만원이상 구매 시 무료배송입니다.
5만원이하 주문건에는 부득이하게 배송비가 발생함을 알려 드립니다.
(2023년 3월 7일 기준)

더 나은 배송 서비스와 안정된 물류 시스템으로
고객님께 만족을 드릴 수 있도록 항상 노력하겠습니다.

감사합니다.',to_date('2023/11/01','YYYY/MM/DD'),to_date('2023/11/01','YYYY/MM/DD'));
Insert into SHOESMARKET.NOTICE (NOTICE_NUM,ADMIN_NUM,NOTICE_TITLE,CONTENTS,REG_DATE,MOD_DATE) values (10,999999999,'품절 상품 안내','안녕',to_date('2023/11/01','YYYY/MM/DD'),to_date('2023/11/01','YYYY/MM/DD'));
REM INSERTING into SHOESMARKET.ORDERITEMS
SET DEFINE OFF;
Insert into SHOESMARKET.ORDERITEMS (ORDERITEM_NUM,ITEM_NUM,BUY_NUM,QUANTITY,PRICE,REG_DATE) values (9,17,19,2,54000,to_date('2023/10/31','YYYY/MM/DD'));
Insert into SHOESMARKET.ORDERITEMS (ORDERITEM_NUM,ITEM_NUM,BUY_NUM,QUANTITY,PRICE,REG_DATE) values (10,19,20,6,108000,to_date('2023/10/31','YYYY/MM/DD'));
Insert into SHOESMARKET.ORDERITEMS (ORDERITEM_NUM,ITEM_NUM,BUY_NUM,QUANTITY,PRICE,REG_DATE) values (11,17,20,2,54000,to_date('2023/10/31','YYYY/MM/DD'));
Insert into SHOESMARKET.ORDERITEMS (ORDERITEM_NUM,ITEM_NUM,BUY_NUM,QUANTITY,PRICE,REG_DATE) values (12,19,21,6,108000,to_date('2023/10/31','YYYY/MM/DD'));
Insert into SHOESMARKET.ORDERITEMS (ORDERITEM_NUM,ITEM_NUM,BUY_NUM,QUANTITY,PRICE,REG_DATE) values (13,17,21,2,54000,to_date('2023/10/31','YYYY/MM/DD'));
Insert into SHOESMARKET.ORDERITEMS (ORDERITEM_NUM,ITEM_NUM,BUY_NUM,QUANTITY,PRICE,REG_DATE) values (14,19,22,6,108000,to_date('2023/10/31','YYYY/MM/DD'));
Insert into SHOESMARKET.ORDERITEMS (ORDERITEM_NUM,ITEM_NUM,BUY_NUM,QUANTITY,PRICE,REG_DATE) values (15,17,22,2,54000,to_date('2023/10/31','YYYY/MM/DD'));
Insert into SHOESMARKET.ORDERITEMS (ORDERITEM_NUM,ITEM_NUM,BUY_NUM,QUANTITY,PRICE,REG_DATE) values (16,28,23,1,149000,to_date('2023/10/31','YYYY/MM/DD'));
Insert into SHOESMARKET.ORDERITEMS (ORDERITEM_NUM,ITEM_NUM,BUY_NUM,QUANTITY,PRICE,REG_DATE) values (17,25,24,3,150000,to_date('2023/11/01','YYYY/MM/DD'));
Insert into SHOESMARKET.ORDERITEMS (ORDERITEM_NUM,ITEM_NUM,BUY_NUM,QUANTITY,PRICE,REG_DATE) values (18,29,24,1,109000,to_date('2023/11/01','YYYY/MM/DD'));
Insert into SHOESMARKET.ORDERITEMS (ORDERITEM_NUM,ITEM_NUM,BUY_NUM,QUANTITY,PRICE,REG_DATE) values (19,29,25,1,109000,to_date('2023/11/01','YYYY/MM/DD'));
Insert into SHOESMARKET.ORDERITEMS (ORDERITEM_NUM,ITEM_NUM,BUY_NUM,QUANTITY,PRICE,REG_DATE) values (20,28,25,1,149000,to_date('2023/11/01','YYYY/MM/DD'));
Insert into SHOESMARKET.ORDERITEMS (ORDERITEM_NUM,ITEM_NUM,BUY_NUM,QUANTITY,PRICE,REG_DATE) values (21,19,26,6,108000,to_date('2023/11/01','YYYY/MM/DD'));
Insert into SHOESMARKET.ORDERITEMS (ORDERITEM_NUM,ITEM_NUM,BUY_NUM,QUANTITY,PRICE,REG_DATE) values (22,17,26,2,54000,to_date('2023/11/01','YYYY/MM/DD'));
Insert into SHOESMARKET.ORDERITEMS (ORDERITEM_NUM,ITEM_NUM,BUY_NUM,QUANTITY,PRICE,REG_DATE) values (23,25,27,3,150000,to_date('2023/11/01','YYYY/MM/DD'));
Insert into SHOESMARKET.ORDERITEMS (ORDERITEM_NUM,ITEM_NUM,BUY_NUM,QUANTITY,PRICE,REG_DATE) values (24,19,27,4,72000,to_date('2023/11/01','YYYY/MM/DD'));
Insert into SHOESMARKET.ORDERITEMS (ORDERITEM_NUM,ITEM_NUM,BUY_NUM,QUANTITY,PRICE,REG_DATE) values (25,24,28,2,28000,to_date('2023/11/01','YYYY/MM/DD'));
Insert into SHOESMARKET.ORDERITEMS (ORDERITEM_NUM,ITEM_NUM,BUY_NUM,QUANTITY,PRICE,REG_DATE) values (26,15,28,4,100000,to_date('2023/11/01','YYYY/MM/DD'));
Insert into SHOESMARKET.ORDERITEMS (ORDERITEM_NUM,ITEM_NUM,BUY_NUM,QUANTITY,PRICE,REG_DATE) values (27,17,29,3,81000,to_date('2023/11/01','YYYY/MM/DD'));
Insert into SHOESMARKET.ORDERITEMS (ORDERITEM_NUM,ITEM_NUM,BUY_NUM,QUANTITY,PRICE,REG_DATE) values (28,29,29,4,436000,to_date('2023/11/01','YYYY/MM/DD'));
Insert into SHOESMARKET.ORDERITEMS (ORDERITEM_NUM,ITEM_NUM,BUY_NUM,QUANTITY,PRICE,REG_DATE) values (29,15,30,3,237000,to_date('2023/11/01','YYYY/MM/DD'));
Insert into SHOESMARKET.ORDERITEMS (ORDERITEM_NUM,ITEM_NUM,BUY_NUM,QUANTITY,PRICE,REG_DATE) values (30,37,31,2,318000,to_date('2023/11/01','YYYY/MM/DD'));
Insert into SHOESMARKET.ORDERITEMS (ORDERITEM_NUM,ITEM_NUM,BUY_NUM,QUANTITY,PRICE,REG_DATE) values (31,37,32,2,318000,to_date('2023/11/01','YYYY/MM/DD'));
Insert into SHOESMARKET.ORDERITEMS (ORDERITEM_NUM,ITEM_NUM,BUY_NUM,QUANTITY,PRICE,REG_DATE) values (32,37,33,2,318000,to_date('2023/11/01','YYYY/MM/DD'));
Insert into SHOESMARKET.ORDERITEMS (ORDERITEM_NUM,ITEM_NUM,BUY_NUM,QUANTITY,PRICE,REG_DATE) values (33,37,34,2,318000,to_date('2023/11/01','YYYY/MM/DD'));
Insert into SHOESMARKET.ORDERITEMS (ORDERITEM_NUM,ITEM_NUM,BUY_NUM,QUANTITY,PRICE,REG_DATE) values (34,37,35,2,318000,to_date('2023/11/01','YYYY/MM/DD'));
Insert into SHOESMARKET.ORDERITEMS (ORDERITEM_NUM,ITEM_NUM,BUY_NUM,QUANTITY,PRICE,REG_DATE) values (35,25,36,1,119000,to_date('2023/11/01','YYYY/MM/DD'));
Insert into SHOESMARKET.ORDERITEMS (ORDERITEM_NUM,ITEM_NUM,BUY_NUM,QUANTITY,PRICE,REG_DATE) values (36,35,36,2,198000,to_date('2023/11/01','YYYY/MM/DD'));
Insert into SHOESMARKET.ORDERITEMS (ORDERITEM_NUM,ITEM_NUM,BUY_NUM,QUANTITY,PRICE,REG_DATE) values (37,17,36,2,278000,to_date('2023/11/01','YYYY/MM/DD'));
Insert into SHOESMARKET.ORDERITEMS (ORDERITEM_NUM,ITEM_NUM,BUY_NUM,QUANTITY,PRICE,REG_DATE) values (38,25,37,1,119000,to_date('2023/11/01','YYYY/MM/DD'));
Insert into SHOESMARKET.ORDERITEMS (ORDERITEM_NUM,ITEM_NUM,BUY_NUM,QUANTITY,PRICE,REG_DATE) values (39,35,37,2,198000,to_date('2023/11/01','YYYY/MM/DD'));
Insert into SHOESMARKET.ORDERITEMS (ORDERITEM_NUM,ITEM_NUM,BUY_NUM,QUANTITY,PRICE,REG_DATE) values (40,17,37,2,278000,to_date('2023/11/01','YYYY/MM/DD'));
Insert into SHOESMARKET.ORDERITEMS (ORDERITEM_NUM,ITEM_NUM,BUY_NUM,QUANTITY,PRICE,REG_DATE) values (41,67,38,7,343000,to_date('2023/11/01','YYYY/MM/DD'));
Insert into SHOESMARKET.ORDERITEMS (ORDERITEM_NUM,ITEM_NUM,BUY_NUM,QUANTITY,PRICE,REG_DATE) values (42,24,39,3,387000,to_date('2023/11/01','YYYY/MM/DD'));
Insert into SHOESMARKET.ORDERITEMS (ORDERITEM_NUM,ITEM_NUM,BUY_NUM,QUANTITY,PRICE,REG_DATE) values (43,59,39,4,356000,to_date('2023/11/01','YYYY/MM/DD'));
Insert into SHOESMARKET.ORDERITEMS (ORDERITEM_NUM,ITEM_NUM,BUY_NUM,QUANTITY,PRICE,REG_DATE) values (44,28,40,3,237000,to_date('2023/11/01','YYYY/MM/DD'));
Insert into SHOESMARKET.ORDERITEMS (ORDERITEM_NUM,ITEM_NUM,BUY_NUM,QUANTITY,PRICE,REG_DATE) values (45,64,40,1,75000,to_date('2023/11/01','YYYY/MM/DD'));
Insert into SHOESMARKET.ORDERITEMS (ORDERITEM_NUM,ITEM_NUM,BUY_NUM,QUANTITY,PRICE,REG_DATE) values (46,64,41,4,300000,to_date('2023/11/01','YYYY/MM/DD'));
Insert into SHOESMARKET.ORDERITEMS (ORDERITEM_NUM,ITEM_NUM,BUY_NUM,QUANTITY,PRICE,REG_DATE) values (47,62,41,4,340000,to_date('2023/11/01','YYYY/MM/DD'));
--------------------------------------------------------
--  DDL for Index SYS_C007341
--------------------------------------------------------

  CREATE UNIQUE INDEX "SHOESMARKET"."SYS_C007341" ON "SHOESMARKET"."NOTICE" ("NOTICE_NUM") 
  PCTFREE 10 INITRANS 2 MAXTRANS 255 
  STORAGE(INITIAL 65536 NEXT 1048576 MINEXTENTS 1 MAXEXTENTS 2147483645
  PCTINCREASE 0 FREELISTS 1 FREELIST GROUPS 1 BUFFER_POOL DEFAULT FLASH_CACHE DEFAULT CELL_FLASH_CACHE DEFAULT)
  TABLESPACE "SYSTEM" ;
--------------------------------------------------------
--  DDL for Index SYS_C007277
--------------------------------------------------------

  CREATE UNIQUE INDEX "SHOESMARKET"."SYS_C007277" ON "SHOESMARKET"."INQUIRY" ("INQUIRY_NUM") 
  PCTFREE 10 INITRANS 2 MAXTRANS 255 
  STORAGE(INITIAL 65536 NEXT 1048576 MINEXTENTS 1 MAXEXTENTS 2147483645
  PCTINCREASE 0 FREELISTS 1 FREELIST GROUPS 1 BUFFER_POOL DEFAULT FLASH_CACHE DEFAULT CELL_FLASH_CACHE DEFAULT)
  TABLESPACE "SYSTEM" ;
--------------------------------------------------------
--  DDL for Index ADMIN_PK
--------------------------------------------------------

  CREATE UNIQUE INDEX "SHOESMARKET"."ADMIN_PK" ON "SHOESMARKET"."ADMIN" ("ADMIN_NUM") 
  PCTFREE 10 INITRANS 2 MAXTRANS 255 COMPUTE STATISTICS 
  STORAGE(INITIAL 65536 NEXT 1048576 MINEXTENTS 1 MAXEXTENTS 2147483645
  PCTINCREASE 0 FREELISTS 1 FREELIST GROUPS 1 BUFFER_POOL DEFAULT FLASH_CACHE DEFAULT CELL_FLASH_CACHE DEFAULT)
  TABLESPACE "SYSTEM" ;
--------------------------------------------------------
--  DDL for Trigger DELETE_INQUIRY_COMMENT
--------------------------------------------------------

  CREATE OR REPLACE TRIGGER "SHOESMARKET"."DELETE_INQUIRY_COMMENT" 
BEFORE DELETE ON INQUIRY
FOR EACH ROW
BEGIN
  DELETE FROM INQUIRY_COMMENT
  WHERE INQUIRY_NUM = :OLD.INQUIRY_NUM;
END;
/
ALTER TRIGGER "SHOESMARKET"."DELETE_INQUIRY_COMMENT" ENABLE;
--------------------------------------------------------
--  Constraints for Table INQUIRY_COMMENT
--------------------------------------------------------

  ALTER TABLE "SHOESMARKET"."INQUIRY_COMMENT" ADD PRIMARY KEY ("IQ_COMMENT_NUM")
  USING INDEX PCTFREE 10 INITRANS 2 MAXTRANS 255 COMPUTE STATISTICS 
  STORAGE(INITIAL 65536 NEXT 1048576 MINEXTENTS 1 MAXEXTENTS 2147483645
  PCTINCREASE 0 FREELISTS 1 FREELIST GROUPS 1 BUFFER_POOL DEFAULT FLASH_CACHE DEFAULT CELL_FLASH_CACHE DEFAULT)
  TABLESPACE "SYSTEM"  ENABLE;
  ALTER TABLE "SHOESMARKET"."INQUIRY_COMMENT" MODIFY ("CONTENTS" NOT NULL ENABLE);
  ALTER TABLE "SHOESMARKET"."INQUIRY_COMMENT" MODIFY ("INQUIRY_NUM" NOT NULL ENABLE);
--------------------------------------------------------
--  Constraints for Table BUY
--------------------------------------------------------

  ALTER TABLE "SHOESMARKET"."BUY" ADD PRIMARY KEY ("BUY_NUM")
  USING INDEX PCTFREE 10 INITRANS 2 MAXTRANS 255 COMPUTE STATISTICS 
  STORAGE(INITIAL 65536 NEXT 1048576 MINEXTENTS 1 MAXEXTENTS 2147483645
  PCTINCREASE 0 FREELISTS 1 FREELIST GROUPS 1 BUFFER_POOL DEFAULT FLASH_CACHE DEFAULT CELL_FLASH_CACHE DEFAULT)
  TABLESPACE "SYSTEM"  ENABLE;
  ALTER TABLE "SHOESMARKET"."BUY" MODIFY ("TOTAL_PRICE" NOT NULL ENABLE);
  ALTER TABLE "SHOESMARKET"."BUY" MODIFY ("CANCEL_STATUS" NOT NULL ENABLE);
  ALTER TABLE "SHOESMARKET"."BUY" MODIFY ("PAYMENT" NOT NULL ENABLE);
  ALTER TABLE "SHOESMARKET"."BUY" MODIFY ("DELIVERY_REQUEST" NOT NULL ENABLE);
  ALTER TABLE "SHOESMARKET"."BUY" MODIFY ("PHONE" NOT NULL ENABLE);
  ALTER TABLE "SHOESMARKET"."BUY" MODIFY ("DETAIL_ADDRESS" NOT NULL ENABLE);
  ALTER TABLE "SHOESMARKET"."BUY" MODIFY ("ADDRESS" NOT NULL ENABLE);
  ALTER TABLE "SHOESMARKET"."BUY" MODIFY ("ZIP_CODE" NOT NULL ENABLE);
  ALTER TABLE "SHOESMARKET"."BUY" MODIFY ("BUY_DATE" NOT NULL ENABLE);
  ALTER TABLE "SHOESMARKET"."BUY" MODIFY ("PAY_STATUS" NOT NULL ENABLE);
  ALTER TABLE "SHOESMARKET"."BUY" MODIFY ("CUS_NUM" NOT NULL ENABLE);
--------------------------------------------------------
--  Constraints for Table CUSTOMER
--------------------------------------------------------

  ALTER TABLE "SHOESMARKET"."CUSTOMER" ADD PRIMARY KEY ("CUS_NUM")
  USING INDEX PCTFREE 10 INITRANS 2 MAXTRANS 255 COMPUTE STATISTICS 
  STORAGE(INITIAL 65536 NEXT 1048576 MINEXTENTS 1 MAXEXTENTS 2147483645
  PCTINCREASE 0 FREELISTS 1 FREELIST GROUPS 1 BUFFER_POOL DEFAULT FLASH_CACHE DEFAULT CELL_FLASH_CACHE DEFAULT)
  TABLESPACE "SYSTEM"  ENABLE;
  ALTER TABLE "SHOESMARKET"."CUSTOMER" MODIFY ("CUS_ID" NOT NULL ENABLE);
  ALTER TABLE "SHOESMARKET"."CUSTOMER" MODIFY ("CUS_PHONE_NUM" NOT NULL ENABLE);
  ALTER TABLE "SHOESMARKET"."CUSTOMER" MODIFY ("CUS_NICK_NAME" NOT NULL ENABLE);
  ALTER TABLE "SHOESMARKET"."CUSTOMER" MODIFY ("CUS_NAME" NOT NULL ENABLE);
  ALTER TABLE "SHOESMARKET"."CUSTOMER" MODIFY ("CUS_PASSWORD" NOT NULL ENABLE);
  ALTER TABLE "SHOESMARKET"."CUSTOMER" MODIFY ("CUS_EMAIL" NOT NULL ENABLE);
--------------------------------------------------------
--  Constraints for Table CART
--------------------------------------------------------

  ALTER TABLE "SHOESMARKET"."CART" ADD PRIMARY KEY ("CART_NUM")
  USING INDEX PCTFREE 10 INITRANS 2 MAXTRANS 255 COMPUTE STATISTICS 
  STORAGE(INITIAL 65536 NEXT 1048576 MINEXTENTS 1 MAXEXTENTS 2147483645
  PCTINCREASE 0 FREELISTS 1 FREELIST GROUPS 1 BUFFER_POOL DEFAULT FLASH_CACHE DEFAULT CELL_FLASH_CACHE DEFAULT)
  TABLESPACE "SYSTEM"  ENABLE;
  ALTER TABLE "SHOESMARKET"."CART" MODIFY ("CART_REGDATE" NOT NULL ENABLE);
  ALTER TABLE "SHOESMARKET"."CART" MODIFY ("CART_QUANTITY" NOT NULL ENABLE);
  ALTER TABLE "SHOESMARKET"."CART" MODIFY ("CUS_NUM" NOT NULL ENABLE);
  ALTER TABLE "SHOESMARKET"."CART" MODIFY ("ITEM_NUM" NOT NULL ENABLE);
--------------------------------------------------------
--  Constraints for Table ITEM
--------------------------------------------------------

  ALTER TABLE "SHOESMARKET"."ITEM" MODIFY ("BRAND" NOT NULL ENABLE);
  ALTER TABLE "SHOESMARKET"."ITEM" MODIFY ("ITEM_STATUS" NOT NULL ENABLE);
  ALTER TABLE "SHOESMARKET"."ITEM" ADD PRIMARY KEY ("ITEM_NUM")
  USING INDEX PCTFREE 10 INITRANS 2 MAXTRANS 255 COMPUTE STATISTICS 
  STORAGE(INITIAL 65536 NEXT 1048576 MINEXTENTS 1 MAXEXTENTS 2147483645
  PCTINCREASE 0 FREELISTS 1 FREELIST GROUPS 1 BUFFER_POOL DEFAULT FLASH_CACHE DEFAULT CELL_FLASH_CACHE DEFAULT)
  TABLESPACE "SYSTEM"  ENABLE;
  ALTER TABLE "SHOESMARKET"."ITEM" MODIFY ("MOD_DATE" NOT NULL ENABLE);
  ALTER TABLE "SHOESMARKET"."ITEM" MODIFY ("REG_DATE" NOT NULL ENABLE);
  ALTER TABLE "SHOESMARKET"."ITEM" MODIFY ("ITEM_DETAIL" NOT NULL ENABLE);
  ALTER TABLE "SHOESMARKET"."ITEM" MODIFY ("IMAGE_PATH" NOT NULL ENABLE);
  ALTER TABLE "SHOESMARKET"."ITEM" MODIFY ("STOCK" NOT NULL ENABLE);
  ALTER TABLE "SHOESMARKET"."ITEM" MODIFY ("PRICE" NOT NULL ENABLE);
  ALTER TABLE "SHOESMARKET"."ITEM" MODIFY ("NAME" NOT NULL ENABLE);
--------------------------------------------------------
--  Constraints for Table NOTICE
--------------------------------------------------------

  ALTER TABLE "SHOESMARKET"."NOTICE" ADD CONSTRAINT "SYS_C007341" PRIMARY KEY ("NOTICE_NUM")
  USING INDEX PCTFREE 10 INITRANS 2 MAXTRANS 255 
  STORAGE(INITIAL 65536 NEXT 1048576 MINEXTENTS 1 MAXEXTENTS 2147483645
  PCTINCREASE 0 FREELISTS 1 FREELIST GROUPS 1 BUFFER_POOL DEFAULT FLASH_CACHE DEFAULT CELL_FLASH_CACHE DEFAULT)
  TABLESPACE "SYSTEM"  ENABLE;
  ALTER TABLE "SHOESMARKET"."NOTICE" MODIFY ("CONTENTS" NOT NULL ENABLE);
  ALTER TABLE "SHOESMARKET"."NOTICE" MODIFY ("NOTICE_TITLE" NOT NULL ENABLE);
  ALTER TABLE "SHOESMARKET"."NOTICE" MODIFY ("ADMIN_NUM" NOT NULL ENABLE);
  ALTER TABLE "SHOESMARKET"."NOTICE" MODIFY ("NOTICE_NUM" NOT NULL ENABLE);
--------------------------------------------------------
--  Constraints for Table ORDERITEMS
--------------------------------------------------------

  ALTER TABLE "SHOESMARKET"."ORDERITEMS" ADD PRIMARY KEY ("ORDERITEM_NUM")
  USING INDEX PCTFREE 10 INITRANS 2 MAXTRANS 255 COMPUTE STATISTICS 
  STORAGE(INITIAL 65536 NEXT 1048576 MINEXTENTS 1 MAXEXTENTS 2147483645
  PCTINCREASE 0 FREELISTS 1 FREELIST GROUPS 1 BUFFER_POOL DEFAULT FLASH_CACHE DEFAULT CELL_FLASH_CACHE DEFAULT)
  TABLESPACE "SYSTEM"  ENABLE;
  ALTER TABLE "SHOESMARKET"."ORDERITEMS" MODIFY ("REG_DATE" NOT NULL ENABLE);
  ALTER TABLE "SHOESMARKET"."ORDERITEMS" MODIFY ("PRICE" NOT NULL ENABLE);
  ALTER TABLE "SHOESMARKET"."ORDERITEMS" MODIFY ("QUANTITY" NOT NULL ENABLE);
  ALTER TABLE "SHOESMARKET"."ORDERITEMS" MODIFY ("BUY_NUM" NOT NULL ENABLE);
  ALTER TABLE "SHOESMARKET"."ORDERITEMS" MODIFY ("ITEM_NUM" NOT NULL ENABLE);
--------------------------------------------------------
--  Constraints for Table ADMIN
--------------------------------------------------------

  ALTER TABLE "SHOESMARKET"."ADMIN" MODIFY ("ADMIN_PASSWORD" NOT NULL ENABLE);
  ALTER TABLE "SHOESMARKET"."ADMIN" MODIFY ("ADMIN_ID" NOT NULL ENABLE);
  ALTER TABLE "SHOESMARKET"."ADMIN" MODIFY ("ADMIN_NUM" NOT NULL ENABLE);
  ALTER TABLE "SHOESMARKET"."ADMIN" ADD CONSTRAINT "ADMIN_PK" PRIMARY KEY ("ADMIN_NUM")
  USING INDEX PCTFREE 10 INITRANS 2 MAXTRANS 255 COMPUTE STATISTICS 
  STORAGE(INITIAL 65536 NEXT 1048576 MINEXTENTS 1 MAXEXTENTS 2147483645
  PCTINCREASE 0 FREELISTS 1 FREELIST GROUPS 1 BUFFER_POOL DEFAULT FLASH_CACHE DEFAULT CELL_FLASH_CACHE DEFAULT)
  TABLESPACE "SYSTEM"  ENABLE;
--------------------------------------------------------
--  Constraints for Table INQUIRY
--------------------------------------------------------

  ALTER TABLE "SHOESMARKET"."INQUIRY" ADD CONSTRAINT "SYS_C007277" PRIMARY KEY ("INQUIRY_NUM")
  USING INDEX PCTFREE 10 INITRANS 2 MAXTRANS 255 
  STORAGE(INITIAL 65536 NEXT 1048576 MINEXTENTS 1 MAXEXTENTS 2147483645
  PCTINCREASE 0 FREELISTS 1 FREELIST GROUPS 1 BUFFER_POOL DEFAULT FLASH_CACHE DEFAULT CELL_FLASH_CACHE DEFAULT)
  TABLESPACE "SYSTEM"  ENABLE;
  ALTER TABLE "SHOESMARKET"."INQUIRY" MODIFY ("ITEM_NUM" NOT NULL ENABLE);
  ALTER TABLE "SHOESMARKET"."INQUIRY" MODIFY ("CONTENTS" NOT NULL ENABLE);
  ALTER TABLE "SHOESMARKET"."INQUIRY" MODIFY ("TITLE" NOT NULL ENABLE);
  ALTER TABLE "SHOESMARKET"."INQUIRY" MODIFY ("SECRET_STATUS" NOT NULL ENABLE);
  ALTER TABLE "SHOESMARKET"."INQUIRY" MODIFY ("CUS_NUM" NOT NULL ENABLE);
  ALTER TABLE "SHOESMARKET"."INQUIRY" MODIFY ("INQUIRY_NUM" NOT NULL ENABLE);
--------------------------------------------------------
--  Ref Constraints for Table BUY
--------------------------------------------------------

  ALTER TABLE "SHOESMARKET"."BUY" ADD CONSTRAINT "BUY_FK1" FOREIGN KEY ("CUS_NUM")
	  REFERENCES "SHOESMARKET"."CUSTOMER" ("CUS_NUM") ON DELETE CASCADE ENABLE;
--------------------------------------------------------
--  Ref Constraints for Table CART
--------------------------------------------------------

  ALTER TABLE "SHOESMARKET"."CART" ADD CONSTRAINT "CART_FK1" FOREIGN KEY ("ITEM_NUM")
	  REFERENCES "SHOESMARKET"."ITEM" ("ITEM_NUM") ON DELETE CASCADE ENABLE;
  ALTER TABLE "SHOESMARKET"."CART" ADD CONSTRAINT "CART_FK2" FOREIGN KEY ("CUS_NUM")
	  REFERENCES "SHOESMARKET"."CUSTOMER" ("CUS_NUM") ON DELETE CASCADE ENABLE;
--------------------------------------------------------
--  Ref Constraints for Table INQUIRY
--------------------------------------------------------

  ALTER TABLE "SHOESMARKET"."INQUIRY" ADD CONSTRAINT "INQUIRY_FK1" FOREIGN KEY ("CUS_NUM")
	  REFERENCES "SHOESMARKET"."CUSTOMER" ("CUS_NUM") ENABLE;
  ALTER TABLE "SHOESMARKET"."INQUIRY" ADD CONSTRAINT "INQUIRY_FK2" FOREIGN KEY ("ITEM_NUM")
	  REFERENCES "SHOESMARKET"."ITEM" ("ITEM_NUM") ENABLE;
--------------------------------------------------------
--  Ref Constraints for Table INQUIRY_COMMENT
--------------------------------------------------------

  ALTER TABLE "SHOESMARKET"."INQUIRY_COMMENT" ADD CONSTRAINT "INQUIRY_COMMENT_FK1" FOREIGN KEY ("INQUIRY_NUM")
	  REFERENCES "SHOESMARKET"."INQUIRY" ("INQUIRY_NUM") ENABLE;
--------------------------------------------------------
--  Ref Constraints for Table NOTICE
--------------------------------------------------------

  ALTER TABLE "SHOESMARKET"."NOTICE" ADD CONSTRAINT "NOTICE_FK1" FOREIGN KEY ("ADMIN_NUM")
	  REFERENCES "SHOESMARKET"."ADMIN" ("ADMIN_NUM") ENABLE;
--------------------------------------------------------
--  Ref Constraints for Table ORDERITEMS
--------------------------------------------------------

  ALTER TABLE "SHOESMARKET"."ORDERITEMS" ADD CONSTRAINT "ORDERITEMS_FK1" FOREIGN KEY ("ITEM_NUM")
	  REFERENCES "SHOESMARKET"."ITEM" ("ITEM_NUM") ON DELETE CASCADE ENABLE;
  ALTER TABLE "SHOESMARKET"."ORDERITEMS" ADD CONSTRAINT "ORDERITEMS_FK2" FOREIGN KEY ("BUY_NUM")
	  REFERENCES "SHOESMARKET"."BUY" ("BUY_NUM") ON DELETE CASCADE ENABLE;
